vix.o,prev_vix.c,qqq.o,prev_qqq.c,aapl.o,prev_aapl.c,dji.o,prev_dji.c,dxy.o,prev_dxy.c,msft.o,prev_msft.c,smh.o,prev_smh.c,spy
17.21,17.2,362.07,361.22,177.38,176.38,34.0,34.0,104.1,103.98,321.47,319.97,148.61,148.82,1
15.57,15.98,372.64,369.11,180.67,181.12,34.0,34.0,103.36,103.56,332.85,327.0,156.46,152.77,0
16.64,16.97,364.58,363.38,178.52,177.23,34.0,34.0,103.58,103.3,323.82,322.46,149.35,149.53,1
16.96,17.13,366.55,363.9,177.06,175.84,34.0,34.0,103.33,103.3,325.5,321.88,153.05,151.04,0
17.8,17.89,355.26,358.58,172.3,174.0,34.0,34.0,103.4,103.57,314.49,316.88,143.79,145.51,1
16.96,16.78,363.96,362.54,177.14,176.57,34.0,34.0,103.48,103.43,320.54,320.4,147.77,146.5,0
16.54,16.46,365.87,366.42,177.13,177.45,34.0,34.0,103.21,103.21,320.8,321.86,148.97,148.85,0
14.95,14.82,369.36,370.35,178.88,179.46,35.0,35.0,103.15,103.19,323.0,324.04,150.55,150.66,0
15.53,15.85,365.99,368.59,177.32,177.97,35.0,35.0,102.62,102.52,320.26,322.93,148.01,149.97,1
15.58,15.96,370.97,367.91,179.48,178.19,35.0,35.0,102.48,102.49,326.02,322.23,151.14,150.3,0
15.81,15.99,372.29,372.0,180.87,179.8,35.0,35.0,102.55,102.53,326.47,326.05,153.17,153.34,0
16.28,15.77,372.64,375.19,179.69,178.85,35.0,35.0,102.07,102.05,326.96,330.11,153.9,155.91,1
16.01,15.92,375.75,373.79,185.52,191.17,35.0,35.0,102.45,102.54,331.88,326.66,154.22,154.19,0
16.77,16.09,371.94,374.39,191.57,192.58,35.0,35.0,102.59,102.59,326.0,327.5,152.48,154.64,1
15.7,13.93,379.26,382.79,195.04,195.61,35.0,35.0,101.96,102.3,333.63,336.34,158.77,160.53,0
13.75,13.63,382.31,383.68,196.24,196.45,35.0,35.0,101.87,101.86,335.19,335.92,159.67,160.62,1
14.03,14.41,380.74,376.62,194.67,193.22,35.0,35.0,101.69,101.77,333.67,330.72,160.16,157.46,1
13.14,13.19,383.07,377.52,196.02,194.5,35.0,35.0,101.11,100.89,340.48,337.77,158.65,154.68,0
13.86,13.86,377.72,378.78,193.67,193.62,35.0,35.0,101.32,101.35,341.44,350.98,155.02,156.39,1
14.02,13.91,376.95,376.23,193.33,192.75,35.0,35.0,101.42,101.35,347.11,345.11,154.46,153.92,1
13.87,13.99,379.18,376.76,194.1,193.13,35.0,35.0,100.78,100.88,349.15,346.87,154.49,152.97,0
13.96,13.76,382.61,385.65,195.09,195.1,35.0,35.0,100.28,100.28,353.57,355.08,155.64,158.58,0
13.32,13.3,386.82,385.74,193.1,193.73,34.0,34.0,99.98,99.94,361.75,359.49,160.43,160.26,1
13.61,13.48,381.96,382.61,193.35,193.99,34.0,34.0,99.89,99.84,345.83,345.73,159.12,159.82,1
13.72,13.61,379.59,379.15,190.23,190.54,34.0,34.0,99.75,99.77,347.59,342.66,158.69,158.21,0
13.44,13.54,376.05,372.82,190.5,189.77,34.0,34.0,100.52,100.52,339.56,337.2,156.39,154.5,1
14.82,14.84,372.34,368.17,189.68,188.08,34.0,34.0,101.59,101.73,336.6,332.47,153.53,151.32,0
15.02,15.07,366.79,366.36,189.16,188.61,34.0,33.0,101.94,101.97,331.06,331.83,152.18,151.16,1
15.97,15.44,367.23,367.46,191.41,191.81,33.0,33.0,103.08,103.17,339.32,341.27,149.03,148.91,0
14.85,14.18,366.51,370.28,189.84,191.33,34.0,34.0,103.35,103.37,337.3,338.15,148.34,150.7,1
13.51,13.54,367.55,363.81,191.63,189.59,34.0,34.0,103.35,103.34,337.75,335.05,151.75,149.92,1
13.64,13.43,364.24,364.54,189.08,189.25,33.0,33.0,102.96,102.91,334.71,335.85,150.82,150.14,1
13.9,13.74,361.98,363.83,187.93,188.06,33.0,33.0,102.51,102.49,334.66,334.57,148.92,151.51,1
14.11,14.25,359.25,357.68,185.89,185.27,33.0,33.0,102.74,102.69,331.86,328.6,147.43,146.85,1
13.24,12.91,362.21,366.17,185.55,187.0,33.0,33.0,102.38,102.39,334.36,339.71,147.75,150.08,1
13.88,13.2,360.63,361.9,183.74,183.96,33.0,33.0,102.03,102.07,334.12,333.56,148.15,149.34,1
13.88,13.88,365.74,366.9,184.9,185.01,33.0,34.0,102.5,102.54,336.37,338.05,152.04,152.84,0
14.49,14.5,372.72,370.26,186.73,186.01,34.0,34.0,102.12,102.12,351.32,348.1,155.8,154.48,0
14.09,13.88,364.61,365.9,183.96,183.95,33.0,33.0,102.96,102.95,337.48,337.34,154.03,155.6,1
14.48,14.61,363.27,363.26,183.37,183.31,34.0,34.0,103.32,103.34,334.34,334.29,152.81,153.27,1
14.99,15.01,363.29,360.49,182.8,183.79,34.0,34.0,103.58,103.65,334.47,331.85,153.73,151.18,1
13.78,13.65,354.63,353.15,181.5,180.57,33.0,33.0,103.3,103.34,324.99,325.26,147.93,146.17,0
14.14,13.94,349.12,348.82,177.9,177.82,33.0,33.0,104.07,104.1,323.94,323.38,144.64,144.5,1
14.14,13.96,355.13,354.84,178.44,179.21,33.0,33.0,104.12,104.13,331.65,333.68,146.44,145.33,0
14.91,14.73,354.28,354.9,179.97,179.58,33.0,33.0,104.01,104.0,335.33,335.94,143.5,144.31,1
15.65,15.65,353.8,352.01,181.03,180.09,33.0,33.0,103.56,103.56,334.25,332.58,147.89,146.5,1
17.24,17.94,347.73,347.99,177.7,177.25,32.0,32.0,104.15,104.33,325.93,328.39,144.86,144.33,1
18.04,17.46,348.37,349.98,177.33,177.3,32.0,33.0,104.05,104.17,332.29,331.21,145.74,148.07,0
19.07,19.14,340.76,339.72,173.32,172.99,32.0,32.0,104.23,104.25,324.02,325.92,141.79,140.46,1
19.54,20.03,339.14,331.65,172.41,171.84,32.0,32.0,103.86,103.89,323.24,313.85,137.93,129.34,0
18.8,18.53,331.37,333.36,171.09,171.56,33.0,33.0,103.54,103.49,314.73,315.26,128.73,131.27,0
17.35,17.21,335.89,337.64,173.13,174.2,33.0,33.0,103.27,103.2,320.03,321.18,132.41,133.19,0
16.13,16.05,337.49,337.27,176.39,175.05,33.0,33.0,103.51,103.58,316.74,318.52,133.77,134.04,0
16.92,16.87,331.52,331.12,173.0,172.69,33.0,33.0,102.91,102.88,314.53,314.0,130.1,129.5,1
17.96,17.99,328.24,327.16,171.71,172.07,33.0,33.0,102.61,102.56,312.29,311.74,127.29,126.09,1
17.54,17.12,326.06,326.79,171.99,172.07,33.0,33.0,102.43,102.43,309.83,309.46,125.71,126.12,0
16.83,16.93,326.74,326.2,173.62,173.75,33.0,33.0,102.1,102.06,310.55,310.11,123.47,123.04,0
16.8,16.94,325.7,325.14,173.85,173.56,33.0,33.0,101.41,101.48,310.1,312.31,123.79,124.14,1
17.58,17.71,324.12,321.64,173.02,171.77,33.0,33.0,101.62,101.61,308.62,307.0,124.44,123.14,0
17.29,16.98,322.0,323.69,173.05,173.5,33.0,33.0,101.4,101.38,308.0,308.65,123.59,125.07,0
19.5,20.09,318.47,316.17,170.98,165.79,33.0,33.0,101.34,101.4,305.72,305.41,122.16,121.81,1
19.17,18.34,317.06,317.29,164.89,167.45,33.0,33.0,101.2,101.34,306.24,304.4,121.65,122.22,0
17.82,17.78,319.75,319.38,169.5,168.54,33.0,33.0,101.86,101.96,306.62,305.41,122.85,123.49,0
16.27,16.08,322.12,322.19,170.09,169.59,34.0,34.0,102.15,102.15,307.76,305.56,124.53,124.57,0
17.21,17.03,320.11,320.35,168.49,168.41,33.0,33.0,101.47,101.5,304.01,304.83,122.25,121.59,1
18.43,18.84,315.7,311.87,165.19,163.76,33.0,33.0,101.4,101.47,295.97,295.37,120.56,120.43,1
18.66,18.76,313.44,309.99,163.06,163.77,33.0,33.0,101.82,101.86,296.7,275.42,120.81,119.59,0
17.62,16.89,314.29,315.95,165.19,165.33,33.0,33.0,101.26,101.35,279.51,281.77,122.53,123.51,0
17.51,17.17,315.91,316.28,165.05,166.65,33.0,33.0,101.8,101.84,285.01,286.11,124.59,125.46,1
16.85,16.46,315.69,318.71,166.09,167.63,33.0,33.0,101.99,101.97,285.25,288.45,124.5,125.32,1
17.3,16.83,316.41,318.86,165.8,166.47,33.0,33.0,101.71,101.75,285.99,288.37,124.78,126.52,1
16.94,16.95,320.99,318.84,166.1,165.23,33.0,33.0,102.1,102.1,291.57,288.8,127.1,125.95,0
17.94,17.8,317.59,319.17,164.59,165.56,33.0,34.0,101.0,101.01,287.0,289.84,126.11,126.18,0
18.83,19.09,314.83,313.04,161.63,160.1,33.0,33.0,101.47,101.5,283.59,283.49,125.5,125.17,1
19.38,19.1,317.82,315.83,161.22,160.8,33.0,33.0,102.13,102.2,284.79,282.83,128.53,127.43,0
19.08,18.97,317.83,317.87,162.35,162.03,33.0,33.0,102.52,102.58,285.75,289.39,128.58,128.11,0
19.3,19.08,314.24,315.92,162.43,163.76,33.0,33.0,101.83,101.85,283.21,284.34,125.32,126.58,1
19.42,19.0,318.1,319.07,164.74,165.63,33.0,33.0,101.52,101.59,285.85,287.18,127.52,128.84,0
18.79,18.55,320.6,320.15,166.6,166.17,33.0,33.0,102.01,102.09,287.23,287.23,131.11,130.85,0
19.21,19.02,315.91,315.68,162.44,162.36,32.0,32.0,102.2,102.14,283.73,284.05,129.69,130.69,1
19.12,19.12,315.24,312.72,161.53,160.77,32.0,32.0,102.62,102.64,284.23,280.51,130.17,128.84,0
19.39,19.97,310.88,307.12,159.37,157.65,32.0,32.0,102.49,102.43,278.96,275.23,126.82,124.95,1
20.53,20.6,308.17,308.76,157.97,158.28,32.0,32.0,102.75,102.86,275.79,276.38,125.33,125.83,0
22.11,22.61,309.32,309.75,158.86,158.93,32.0,32.0,102.6,102.53,277.24,277.66,128.6,129.36,1
21.54,22.26,309.92,306.12,158.83,157.83,32.0,32.0,102.5,102.35,277.94,272.29,128.42,126.01,0
21.8,21.38,310.27,310.34,159.3,159.28,32.0,32.0,103.2,103.26,273.4,273.78,127.01,126.82,0
24.16,24.15,307.94,305.97,157.32,157.4,32.0,32.0,103.31,103.28,274.88,272.23,127.44,126.42,1
22.92,22.99,306.72,306.81,156.08,155.85,32.0,32.0,104.41,104.42,278.26,276.2,125.95,125.8,0
26.19,26.14,298.0,298.93,152.16,152.99,31.0,31.0,104.62,104.65,265.21,265.44,120.27,120.96,1
23.21,23.73,294.71,297.37,151.19,152.59,31.0,32.0,103.74,103.6,259.98,260.79,120.5,122.34,1
26.85,26.52,294.31,290.69,151.28,150.47,32.0,31.0,103.67,103.6,256.75,253.92,120.7,118.78,1
23.34,22.61,292.83,292.66,150.21,150.59,32.0,32.0,105.13,105.31,251.08,252.32,121.24,120.82,0
19.33,19.11,298.33,297.82,153.56,152.87,32.0,32.0,105.62,105.66,255.82,253.7,122.96,123.18,0
19.71,19.59,296.77,296.34,152.81,151.6,32.0,32.0,105.67,105.62,254.04,254.15,120.66,120.04,1
18.64,18.61,300.07,300.02,153.7,153.83,33.0,33.0,104.3,104.35,256.3,256.87,121.45,121.39,0
19.76,19.59,295.39,293.61,148.05,145.91,33.0,33.0,104.94,105.03,252.19,251.11,120.85,120.84,1
21.41,20.58,288.66,291.2,144.38,145.31,32.0,32.0,104.39,104.48,246.55,246.27,118.18,119.78,1
20.39,20.7,293.26,293.56,146.83,147.41,32.0,32.0,105.04,104.87,250.76,249.42,120.22,119.7,0
21.3,20.95,293.3,293.94,147.05,147.92,32.0,32.0,104.63,104.67,249.07,250.16,119.3,119.64,0
21.35,21.14,291.76,296.82,147.11,149.4,32.0,33.0,104.56,104.6,249.96,254.77,118.85,121.27,1
21.96,22.29,297.97,294.25,150.09,148.91,33.0,33.0,104.5,104.59,255.56,251.51,121.13,117.12,0
23.03,22.87,294.62,294.03,148.87,148.48,33.0,33.0,104.13,104.18,254.09,252.67,117.92,117.7,0
20.94,20.17,301.07,303.3,152.35,153.71,33.0,33.0,104.2,103.86,259.39,262.15,122.2,123.07,1
18.26,18.23,304.38,309.1,153.51,155.33,33.0,34.0,103.88,103.92,264.02,269.32,123.89,126.5,0
19.37,18.91,304.9,306.75,153.11,153.2,34.0,34.0,103.21,103.23,268.32,272.17,124.84,126.51,1
20.72,20.34,302.89,304.5,152.12,153.85,34.0,34.0,103.22,103.35,272.67,271.32,123.0,123.84,1
20.74,20.71,299.48,301.68,149.46,150.87,33.0,33.0,103.26,103.22,261.53,263.62,122.69,124.09,1
19.24,19.63,308.84,304.37,153.78,151.92,34.0,33.0,103.43,103.41,273.8,266.73,125.84,123.6,0
18.88,18.66,308.54,309.88,153.88,154.65,34.0,34.0,103.27,103.43,273.2,267.56,125.51,126.07,0
19.54,19.43,303.46,303.59,150.64,151.73,33.0,33.0,103.54,103.62,260.53,256.77,122.78,122.4,1
18.57,18.73,304.94,311.72,148.03,150.82,33.0,34.0,101.83,101.75,259.54,264.6,124.13,126.79,1
17.74,17.87,307.57,300.92,148.9,145.43,34.0,34.0,100.85,101.22,258.82,252.75,125.54,124.14,1
19.62,19.4,294.41,294.62,143.97,144.29,34.0,34.0,102.1,102.1,248.0,247.81,119.18,118.55,1
20.12,19.94,290.31,290.27,142.7,143.0,33.0,33.0,102.19,102.28,243.45,242.71,116.45,116.78,1
18.9,18.73,292.0,293.34,143.16,143.96,33.0,33.0,101.72,101.84,248.99,248.0,118.45,120.43,1
19.05,19.08,291.22,287.73,143.17,141.86,33.0,33.0,101.58,101.64,243.65,240.61,119.85,118.31,1
19.56,19.2,283.77,288.37,140.89,142.53,33.0,33.0,102.01,101.92,234.48,242.04,116.16,118.19,1
19.89,19.81,287.31,288.96,140.31,141.11,33.0,33.0,101.99,102.14,242.5,242.58,117.45,119.04,1
20.28,20.52,276.79,275.15,135.28,135.27,33.0,33.0,102.08,102.06,234.86,231.93,111.13,110.1,1
20.43,20.34,276.22,277.88,134.08,135.21,33.0,33.0,102.38,102.36,233.78,235.81,111.79,112.86,0
19.28,19.36,283.11,281.54,136.82,135.94,33.0,33.0,102.47,102.39,241.57,240.35,114.58,113.57,0
19.0,18.83,276.5,279.05,132.03,133.41,34.0,34.0,102.21,102.25,237.0,238.51,111.29,112.49,1
21.56,21.09,278.12,277.55,133.88,133.49,34.0,33.0,103.06,103.19,235.26,235.77,111.74,110.83,1
20.8,20.58,273.92,272.83,131.25,130.73,33.0,33.0,103.22,103.24,231.29,228.85,109.42,109.55,1
22.22,21.97,269.49,270.54,130.26,130.15,33.0,33.0,103.29,103.0,227.76,227.12,107.76,108.14,1
22.69,22.46,263.35,261.58,126.01,125.02,33.0,32.0,105.05,105.04,223.0,222.31,103.08,101.4,1
22.2,22.01,264.04,265.74,127.13,126.36,33.0,33.0,104.07,104.25,227.2,229.1,102.01,103.25,0
22.93,22.9,266.64,264.48,126.89,125.07,33.0,33.0,104.58,104.52,232.28,239.58,102.55,100.69,1
21.83,21.44,263.62,266.44,128.41,129.61,33.0,33.0,103.95,103.84,238.21,241.01,100.35,101.87,1
22.25,22.14,262.96,260.1,127.99,126.04,33.0,32.0,104.37,104.46,235.65,234.53,100.22,98.65,1
21.47,21.65,263.17,263.58,129.67,130.03,33.0,33.0,104.33,104.18,236.89,236.96,99.48,99.92,0
22.17,21.97,265.47,266.76,130.92,132.23,32.0,33.0,104.39,104.43,236.11,238.19,101.04,101.75,1
20.08,20.07,270.38,273.45,134.35,135.45,33.0,33.0,104.22,104.16,241.26,244.43,103.99,106.15,0
21.25,21.48,270.6,269.54,132.98,132.3,33.0,32.0,103.95,103.97,241.69,241.8,104.48,103.83,1
23.17,22.42,268.56,269.75,131.39,132.37,32.0,32.0,104.73,104.72,239.4,240.45,103.18,104.34,1
23.26,22.83,276.2,276.89,136.69,136.5,33.0,33.0,104.45,104.56,248.55,249.01,107.15,107.63,0
21.52,21.14,282.33,286.51,141.11,143.21,33.0,33.0,103.67,103.77,253.72,257.22,109.98,111.89,0
22.83,22.55,288.05,288.65,145.35,145.47,34.0,34.0,104.07,103.98,257.13,256.92,113.53,113.85,0
25.24,25.0,296.65,285.58,149.5,144.49,34.0,34.0,104.99,105.13,261.69,252.51,117.02,111.98,0
22.55,22.29,282.81,283.85,142.34,142.65,33.0,33.0,104.86,104.77,244.7,247.4,110.6,110.91,0
22.81,22.68,281.91,280.53,142.36,140.94,33.0,33.0,105.2,105.1,244.84,244.37,108.57,108.16,1
22.32,22.17,280.47,281.68,142.19,142.91,33.0,33.0,105.63,105.58,244.83,245.12,107.23,108.18,1
20.69,20.75,287.48,287.64,147.08,146.63,33.0,33.0,105.16,105.29,250.82,250.2,110.51,110.61,0
20.42,19.84,288.54,293.72,145.96,148.31,34.0,34.0,104.82,104.73,249.82,254.69,110.7,113.5,1
20.83,20.58,293.69,293.36,148.21,148.03,34.0,34.0,105.7,105.95,253.87,255.14,114.59,113.87,0
21.7,21.89,280.84,280.57,141.4,141.17,33.0,33.0,106.72,106.82,240.57,240.33,108.07,107.72,1
22.09,22.21,282.94,282.71,144.29,144.22,33.0,33.0,106.57,106.68,241.4,241.76,108.43,108.02,0
21.49,21.29,285.97,285.95,149.45,150.18,34.0,34.0,107.08,107.22,245.11,245.03,110.96,110.98,1
22.59,22.36,282.64,281.89,148.13,148.01,33.0,33.0,107.7,107.84,243.59,242.05,108.74,107.84,1
24.03,23.93,287.89,284.81,152.31,150.72,33.0,33.0,106.69,106.69,243.51,241.68,111.35,109.56,0
24.05,24.11,280.88,285.44,146.43,148.79,33.0,33.0,106.27,106.28,237.78,241.73,106.61,108.74,1
24.29,24.54,287.39,289.39,149.13,150.04,33.0,33.0,106.58,106.4,242.79,241.97,110.38,112.8,0
23.77,23.73,292.21,285.44,152.22,148.28,33.0,33.0,107.0,106.66,245.66,241.55,114.26,109.36,0
23.89,23.53,282.56,282.75,145.82,146.87,33.0,33.0,108.24,108.21,242.99,242.98,107.26,106.9,1
26.51,26.09,276.01,263.32,141.24,134.87,33.0,32.0,110.3,110.55,235.43,224.51,102.64,96.99,1
25.34,25.54,267.76,269.54,138.5,139.5,33.0,33.0,109.65,109.64,227.37,228.87,98.37,99.7,0
24.71,24.35,269.14,267.59,140.41,138.92,32.0,32.0,110.06,110.12,228.7,227.87,99.4,97.59,1
25.63,25.3,265.53,260.49,142.09,138.88,32.0,32.0,112.97,112.93,217.55,214.25,94.86,91.45,0
25.98,25.86,263.01,265.68,142.06,145.03,31.0,32.0,112.17,111.35,220.09,220.1,91.13,92.54,0
26.04,25.81,275.08,275.11,148.95,150.65,32.0,32.0,111.54,111.48,229.46,228.17,96.0,95.27,0
25.96,25.88,281.5,277.95,155.08,153.34,32.0,32.0,111.52,111.53,234.6,232.13,96.65,94.61,0
27.43,27.39,272.23,272.87,148.2,144.8,32.0,32.0,110.5,110.59,226.24,226.75,93.07,92.85,1
27.51,27.28,276.79,277.93,148.07,149.35,32.0,31.0,109.62,109.7,231.04,231.32,95.21,94.02,0
28.44,28.46,278.46,284.21,150.96,152.34,31.0,31.0,110.96,110.95,231.17,250.66,93.38,94.95,1
29.8,29.85,279.41,278.45,150.09,149.45,31.0,31.0,111.82,111.99,247.26,247.25,93.58,93.47,1
30.21,29.98,267.98,269.11,142.87,143.39,30.0,30.0,112.94,112.88,234.74,236.15,89.67,90.07,1
31.3,30.76,269.58,270.49,143.02,143.86,30.0,30.0,112.99,112.98,235.77,236.48,90.1,89.36,0
30.94,30.5,269.93,271.48,141.69,143.75,30.0,30.0,111.91,112.13,237.04,238.5,88.19,88.65,0
31.1,31.37,276.53,269.35,145.49,142.41,30.0,30.0,112.07,112.04,243.24,237.53,91.24,88.63,0
31.89,31.94,271.2,268.82,144.31,142.99,30.0,30.0,112.47,112.36,235.54,234.24,91.3,90.43,0
33.6,33.57,255.16,262.66,134.99,138.34,28.0,29.0,113.24,113.32,219.85,225.75,84.37,87.75,1
33.54,33.63,263.4,262.75,139.13,138.98,29.0,29.0,113.31,113.22,225.4,225.41,88.29,88.28,0
33.56,32.45,264.7,266.41,139.9,140.42,29.0,29.0,113.08,113.14,227.62,229.25,89.45,91.15,0
30.37,30.52,275.02,279.76,142.54,145.43,29.0,29.0,112.25,112.26,240.9,246.79,97.33,100.28,0
28.6,28.55,280.96,281.98,145.81,146.4,30.0,30.0,111.02,110.07,247.93,249.2,100.67,100.97,0
29.36,29.07,278.28,282.13,144.08,146.1,30.0,30.0,110.23,110.07,245.99,248.88,98.52,99.98,1
29.52,30.1,278.99,273.53,145.03,142.45,29.0,29.0,111.59,111.75,245.09,240.74,98.82,95.88,1
31.61,31.84,271.03,271.87,141.28,142.48,29.0,29.0,111.75,112.25,238.29,237.5,92.83,93.95,0
31.67,30.18,275.86,279.94,146.1,149.84,29.0,29.0,113.01,112.6,238.89,241.07,95.19,97.01,0
34.5,32.6,274.46,274.48,147.64,151.76,29.0,29.0,114.19,114.1,236.81,236.41,94.86,95.79,1
31.2,32.26,277.81,274.37,152.74,150.77,29.0,29.0,114.02,114.1,239.98,237.45,96.55,95.07,0
27.68,27.35,277.55,280.07,151.19,152.74,29.0,30.0,111.24,111.35,239.54,240.98,96.49,97.58,0
28.16,27.99,282.0,283.56,152.38,153.72,30.0,30.0,111.48,110.64,237.87,238.95,99.85,100.36,0
28.03,27.16,289.59,288.73,157.34,156.9,30.0,30.0,110.16,110.22,244.27,242.45,101.47,101.21,0
25.65,25.76,288.49,291.05,153.4,154.48,30.0,31.0,109.58,109.74,242.07,244.52,101.6,102.63,0
27.47,26.27,287.72,291.1,151.21,152.37,30.0,30.0,109.8,109.66,244.26,245.38,100.5,101.5,1
26.1,26.16,294.07,296.03,154.65,155.31,31.0,31.0,109.61,109.66,249.77,252.22,102.75,103.34,0
26.73,27.27,294.87,293.7,154.79,153.84,31.0,31.0,109.97,109.82,253.53,251.99,103.13,102.23,1
23.67,23.87,301.8,310.74,159.9,163.43,32.0,32.0,108.23,108.33,258.84,266.65,104.91,108.7,0
23.49,23.61,302.83,300.52,155.47,154.46,31.0,31.0,109.58,109.71,260.5,258.52,107.34,105.81,1
24.7,24.64,296.85,298.97,154.64,155.96,31.0,31.0,109.67,109.84,257.51,258.09,103.39,104.39,1
26.93,26.91,293.54,293.05,154.83,154.53,31.0,31.0,110.32,110.21,254.7,253.25,102.98,102.75,1
25.51,25.56,302.34,299.4,159.75,157.96,31.0,31.0,109.64,109.69,261.7,260.4,106.27,104.94,0
26.88,25.87,296.72,299.27,156.64,157.22,31.0,31.0,108.84,108.7,258.87,261.47,104.52,107.29,1
25.86,26.21,303.99,301.02,160.31,158.91,31.0,31.0,108.75,108.77,265.39,262.97,108.68,108.02,0
25.75,26.21,306.1,304.41,162.13,161.38,32.0,32.0,108.7,108.84,266.67,265.23,110.38,109.27,0
22.07,21.78,320.28,320.58,170.57,170.03,33.0,33.0,108.47,108.47,279.08,278.85,117.64,117.89,0
22.41,22.82,316.83,315.01,168.78,167.53,33.0,32.0,108.63,108.68,277.33,275.79,114.27,114.06,1
24.37,24.11,313.61,314.1,167.32,167.23,32.0,32.0,108.52,108.62,275.41,276.44,113.91,114.14,1
24.13,23.8,314.12,314.36,167.08,167.57,33.0,33.0,109.0,109.05,276.44,277.75,113.4,113.4,0
20.16,19.56,326.17,329.28,173.03,174.15,33.0,33.0,107.5,107.48,288.9,290.17,119.36,120.9,0
20.51,19.9,328.44,328.49,173.75,174.55,33.0,33.0,106.68,106.57,290.19,291.32,119.12,119.24,1
19.74,19.69,329.07,332.28,172.77,173.03,34.0,34.0,106.45,106.5,289.74,292.71,120.15,121.85,1
20.23,19.95,332.06,333.06,172.78,173.19,33.0,33.0,106.48,106.55,291.99,293.47,122.6,123.24,1
20.34,20.2,326.18,324.08,169.82,168.49,33.0,33.0,105.16,105.09,288.48,287.02,120.0,119.32,1
19.84,19.74,328.31,325.93,170.06,169.24,33.0,33.0,105.21,105.2,290.85,289.16,120.18,119.34,0
22.28,21.77,324.59,317.08,167.68,164.92,33.0,32.0,106.34,106.37,288.17,282.3,117.73,114.7,1
21.41,21.29,318.77,320.71,164.02,164.87,32.0,32.0,106.34,106.44,279.64,280.32,117.13,119.71,0
21.5,21.44,319.19,324.4,163.21,165.81,32.0,32.0,105.72,105.69,279.15,283.65,120.7,122.65,1
22.06,21.95,322.97,322.89,166.01,166.13,32.0,32.0,106.48,106.51,281.8,282.47,121.29,121.41,0
23.86,23.93,316.05,314.33,160.84,160.01,32.0,32.0,106.43,106.24,276.76,274.82,118.46,118.58,1
24.08,22.84,312.92,315.27,160.1,161.51,32.0,32.0,105.36,105.45,276.0,278.01,117.47,118.82,0
22.13,22.33,311.39,309.81,161.24,157.35,32.0,32.0,106.21,106.35,277.7,276.41,116.37,117.6,1
23.33,23.24,306.59,306.81,156.98,156.79,32.0,32.0,106.37,106.45,269.75,268.74,116.42,116.18,1
24.27,24.69,299.04,294.37,152.58,151.6,31.0,31.0,107.13,107.19,261.16,251.9,112.75,110.99,1
23.95,23.36,298.53,300.27,152.27,152.95,31.0,31.0,106.45,106.73,259.86,258.83,112.36,112.69,0
23.3,23.11,306.43,307.38,155.39,155.35,32.0,32.0,106.59,106.91,265.24,264.84,115.62,116.01,0
24.07,23.88,303.5,303.03,154.5,153.04,31.0,31.0,107.09,107.08,259.79,262.27,114.58,114.1,1
24.23,24.5,298.73,298.3,151.12,151.0,31.0,31.0,106.67,106.68,259.9,259.53,111.11,111.47,1
25.12,25.3,293.11,289.4,147.92,147.07,31.0,31.0,107.49,107.37,257.58,254.25,108.41,106.6,1
26.72,26.4,289.73,286.67,149.78,148.47,30.0,30.0,108.67,108.54,255.72,254.08,106.26,104.75,1
27.47,26.82,282.99,285.65,144.08,145.49,30.0,30.0,108.14,107.96,250.57,252.72,102.28,102.59,1
27.35,27.29,280.6,286.24,142.99,145.86,30.0,30.0,108.19,108.07,250.19,253.67,99.85,101.78,1
27.14,26.17,290.32,289.04,145.76,144.87,31.0,31.0,108.18,108.02,265.88,264.51,102.83,101.82,0
26.41,26.08,292.08,294.98,145.27,146.35,31.0,31.0,107.04,107.13,264.79,268.4,102.22,103.76,1
26.73,26.73,289.63,288.8,143.29,142.92,31.0,31.0,107.07,107.1,265.12,266.21,101.53,99.18,1
27.84,27.54,287.35,286.96,141.36,141.56,30.0,30.0,106.49,106.54,263.75,262.85,98.49,98.51,1
29.53,28.71,278.95,280.28,136.04,136.72,30.0,30.0,104.78,104.69,256.39,256.83,100.1,101.87,1
29.42,28.16,280.75,283.8,137.25,139.23,30.0,31.0,105.06,105.11,257.05,260.26,101.54,103.16,1
28.8,28.36,283.4,283.54,137.46,137.44,31.0,30.0,104.46,104.51,257.59,256.48,104.07,105.01,0
26.9,26.95,293.0,292.45,142.13,141.66,31.0,31.0,103.97,103.94,263.98,264.89,108.19,107.72,0
29.07,29.05,287.74,284.85,139.9,138.27,30.0,30.0,104.38,104.43,261.81,258.86,105.43,103.71,1
29.29,28.95,283.21,280.67,136.82,135.35,30.0,30.0,104.21,104.2,255.57,253.13,104.77,104.25,1
31.45,30.19,278.52,281.08,134.79,135.87,30.0,30.0,104.43,104.44,251.89,253.74,103.7,105.74,1
32.84,32.95,272.18,271.39,130.07,130.06,29.0,29.0,103.88,103.63,244.7,244.97,102.5,101.99,1
30.35,29.62,275.59,282.8,132.08,135.43,30.0,30.0,104.9,105.16,245.98,251.76,105.08,108.42,0
32.39,32.69,279.42,275.91,134.29,132.76,30.0,30.0,105.35,105.52,248.31,244.49,107.76,106.47,1
33.01,34.02,277.66,275.41,133.13,131.88,30.0,30.0,105.19,105.08,243.86,242.26,106.91,105.69,0
26.26,26.09,293.65,299.4,140.28,142.64,32.0,32.0,103.34,103.22,260.58,264.79,114.05,116.21,0
24.29,23.96,305.91,307.64,147.08,147.96,32.0,32.0,102.56,102.54,267.78,270.41,118.58,119.39,0
24.37,24.02,309.05,309.87,148.58,148.71,33.0,33.0,102.39,102.32,271.71,272.5,121.37,121.93,0
25.54,25.07,303.81,307.22,144.35,146.14,32.0,32.0,102.49,102.44,266.64,268.75,119.44,120.96,1
24.91,24.72,309.03,314.38,146.9,151.21,32.0,33.0,101.75,101.82,270.31,274.58,121.82,124.53,0
25.73,25.69,304.85,306.0,147.83,148.71,32.0,32.0,102.55,102.5,264.45,272.42,120.16,120.28,1
26.05,26.19,310.47,308.28,149.9,148.84,33.0,32.0,101.76,101.75,275.2,271.87,122.86,122.29,0
27.5,27.5,302.54,299.33,145.39,143.78,32.0,32.0,101.72,101.83,268.48,265.9,120.05,118.12,1
28.42,28.37,290.44,291.26,137.39,140.52,32.0,32.0,102.02,102.06,262.27,262.52,113.19,114.3,1
29.33,29.45,285.71,287.24,138.43,140.36,31.0,31.0,101.77,101.86,258.14,259.62,111.49,111.97,1
29.43,28.48,288.13,293.48,140.81,143.11,31.0,31.0,102.11,102.08,257.89,260.65,113.11,115.0,1
28.78,29.35,293.13,289.58,139.09,137.35,31.0,31.0,102.9,102.72,257.24,253.14,116.02,114.03,0
31.24,30.96,289.29,291.14,139.88,140.82,31.0,31.0,103.83,103.81,253.9,254.08,113.24,114.0,1
26.74,26.1,301.54,306.17,146.85,149.24,32.0,32.0,103.34,103.36,263.0,266.82,117.75,119.72,0
27.07,27.47,304.45,298.44,148.86,145.54,32.0,32.0,104.17,104.19,266.11,261.5,117.38,114.26,1
31.09,31.77,295.72,291.15,144.59,142.56,31.0,31.0,104.77,104.85,257.35,255.35,112.61,110.35,1
33.74,32.56,287.45,291.84,142.77,146.5,31.0,31.0,104.01,103.85,257.69,260.55,108.63,109.83,1
32.87,32.99,298.44,300.76,153.5,154.51,32.0,32.0,103.9,103.92,265.68,269.5,112.2,113.3,0
33.66,34.75,304.51,297.15,155.52,152.06,32.0,32.0,103.73,103.65,271.69,264.58,113.81,110.45,0
32.23,31.2,310.95,313.0,156.01,156.77,32.0,32.0,103.56,103.75,274.81,277.35,116.55,117.54,1
25.97,25.42,325.17,329.6,163.85,166.02,33.0,34.0,102.68,102.59,285.54,289.98,121.27,123.33,0
29.12,29.25,319.31,318.82,159.67,159.48,33.0,33.0,103.46,103.47,282.59,281.78,120.0,119.24,1
31.76,32.34,318.5,318.48,158.15,157.96,33.0,33.0,103.6,103.74,283.96,284.47,117.86,118.27,1
28.97,29.99,323.7,328.01,161.84,163.64,33.0,33.0,103.67,103.62,288.61,289.63,117.97,120.25,0
29.91,31.6,321.85,316.76,159.25,156.57,33.0,33.0,103.04,102.95,285.19,283.22,116.21,113.76,1
31.11,33.52,317.24,317.14,155.91,156.8,33.0,33.0,102.28,101.75,282.1,270.22,112.98,114.31,1
27.38,27.02,327.47,329.58,162.25,162.88,33.0,34.0,101.73,101.75,277.5,280.72,118.16,119.4,0
22.71,22.68,334.31,334.15,166.46,166.42,34.0,34.0,100.62,100.58,281.68,280.81,119.98,120.12,0
20.24,20.32,345.19,341.21,168.91,167.23,35.0,35.0,100.35,100.39,288.58,286.36,125.02,123.51,0
21.13,21.37,347.09,346.26,168.76,167.4,34.0,34.0,100.98,100.96,289.4,285.3,125.79,123.73,0
22.55,22.17,338.03,338.69,165.02,165.07,34.0,34.0,100.83,100.78,279.38,280.52,120.47,121.15,1
21.72,21.82,346.44,346.35,170.62,170.4,34.0,34.0,99.79,99.88,288.09,287.62,123.49,122.85,0
23.52,24.26,339.8,339.45,167.39,167.66,34.0,34.0,100.34,100.29,282.73,282.06,121.15,120.0,1
24.94,24.37,345.76,340.89,168.02,165.75,34.0,34.0,100.04,99.93,289.24,285.26,123.07,120.65,0
21.25,21.55,352.32,354.1,171.78,172.14,34.0,34.0,99.82,99.75,300.44,301.37,125.72,126.43,0
21.97,22.1,352.24,353.26,171.16,171.83,34.0,34.0,99.65,99.6,296.66,299.5,125.86,126.41,1
21.27,21.03,355.65,361.1,172.36,175.06,34.0,34.0,99.47,99.47,305.19,310.88,126.38,129.08,0
18.79,18.57,367.81,369.3,177.5,178.44,34.0,34.0,99.0,99.0,313.27,314.97,133.97,134.9,0
20.62,20.56,362.81,362.54,174.03,174.61,34.0,34.0,98.34,98.31,309.37,308.31,135.4,134.9,0
19.68,19.33,367.24,367.09,177.84,177.77,35.0,35.0,97.83,97.79,313.9,313.86,137.38,137.69,0
19.38,18.9,369.28,371.19,178.55,178.96,35.0,35.0,98.37,98.4,313.76,315.41,140.98,141.8,0
19.7,19.63,368.9,364.91,176.69,175.6,35.0,34.0,99.08,99.09,313.91,310.7,141.22,138.67,1
21.87,21.67,359.59,359.65,173.88,174.07,34.0,34.0,98.75,98.79,305.23,304.1,138.05,138.24,1
23.61,23.57,353.8,351.83,171.06,170.21,34.0,34.0,98.64,98.62,299.14,299.49,133.41,131.83,1
23.04,22.94,354.01,356.96,167.99,168.82,34.0,34.0,98.48,98.49,300.51,304.06,133.9,135.21,0
24.02,23.53,350.59,350.08,165.51,165.38,34.0,34.0,98.49,98.5,299.8,299.16,134.3,134.28,1
26.36,25.67,342.74,344.44,160.51,160.62,34.0,34.0,98.0,97.97,295.37,295.22,130.64,131.75,1
26.51,26.67,338.37,340.32,158.61,159.59,33.0,34.0,98.5,98.62,293.29,294.39,129.64,130.93,1
29.02,29.83,332.17,328.15,157.05,155.09,33.0,33.0,98.89,99.1,289.11,287.15,126.59,124.35,1
33.13,31.77,320.88,318.17,150.9,150.62,32.0,32.0,99.13,99.0,280.35,276.44,120.46,119.35,1
30.43,30.23,334.32,331.27,158.93,158.52,33.0,33.0,98.36,98.51,287.96,285.59,127.6,125.72,0
33.03,32.45,330.82,334.99,160.2,162.95,33.0,33.0,98.06,97.97,283.02,288.5,126.12,128.5,1
33.74,35.13,331.75,323.35,161.48,157.44,32.0,32.0,99.12,99.06,283.44,275.85,127.44,123.15,1
36.19,36.45,324.05,324.86,158.82,159.3,32.0,32.0,99.24,99.29,277.8,278.91,121.51,121.32,0
31.9,30.48,339.84,342.26,164.49,166.23,33.0,33.0,98.04,97.79,294.29,295.92,129.78,131.21,1
30.52,30.74,349.93,347.22,168.47,166.56,33.0,33.0,97.47,97.39,302.89,300.19,134.52,134.1,0
34.2,33.32,343.08,341.49,164.39,163.2,33.0,33.0,97.37,97.41,295.36,294.95,130.82,129.85,1
29.45,30.15,345.75,346.8,164.7,165.12,33.0,33.0,96.77,96.71,296.4,298.79,133.62,134.08,0
31.68,30.32,341.31,340.49,163.84,162.74,33.0,33.0,97.0,97.14,295.14,294.59,133.27,133.38,1
37.5,31.02,318.84,329.42,152.58,160.07,32.0,33.0,96.22,96.19,272.51,280.27,123.97,128.96,1
28.04,28.81,341.32,338.08,165.54,164.32,33.0,33.0,96.04,96.03,290.18,287.72,133.88,131.72,0
26.66,28.11,346.41,345.45,169.82,168.88,34.0,34.0,95.83,95.8,293.05,290.73,134.57,134.12,0
24.83,24.29,352.74,356.04,171.03,172.55,34.0,34.0,95.77,95.7,296.36,299.5,137.98,139.72,0
25.19,25.7,353.82,356.13,171.85,172.79,34.0,34.0,96.01,95.99,298.37,300.47,137.99,139.74,1
28.09,28.33,352.91,347.49,170.97,168.88,34.0,34.0,96.24,96.37,300.01,295.0,135.51,132.54,1
24.39,23.91,358.43,358.43,172.33,172.12,35.0,35.0,95.94,95.55,303.19,302.38,140.0,139.81,0
20.37,19.96,359.52,366.73,174.14,176.28,35.0,35.0,95.57,95.49,304.04,311.21,140.93,144.13,0
21.27,21.44,363.76,359.12,176.05,174.83,35.0,35.0,95.59,95.64,309.87,304.56,141.4,139.28,1
23.09,22.86,353.96,355.13,171.73,171.66,35.0,35.0,95.43,95.4,301.25,300.95,135.59,136.48,1
23.77,24.35,354.08,353.55,171.68,172.9,35.0,35.0,95.31,95.38,300.21,301.25,134.97,135.53,1
22.63,22.09,358.53,368.49,174.48,175.84,35.0,35.0,96.02,95.94,309.49,313.46,138.32,141.82,0
21.56,21.96,369.76,365.52,174.75,174.61,35.0,35.0,96.27,96.39,309.63,308.76,141.33,138.29,1
24.57,24.83,364.43,363.05,174.01,174.78,35.0,35.0,96.7,96.54,310.41,310.98,138.65,137.7,1
30.27,30.49,343.03,341.1,165.71,159.22,34.0,34.0,97.25,97.26,300.23,299.84,128.21,128.35,1
32.19,31.96,349.4,344.57,162.45,159.69,34.0,34.0,96.55,95.95,302.66,296.71,135.42,134.07,0
29.35,31.16,352.91,345.11,163.5,159.78,34.0,34.0,95.96,95.95,307.99,288.49,136.23,132.17,0
32.29,29.9,346.67,353.3,158.98,161.62,34.0,34.0,95.93,95.92,291.52,296.37,133.72,137.62,1
25.38,25.59,359.47,361.72,164.42,164.51,34.0,34.0,95.81,95.74,302.69,301.6,137.5,138.18,0
23.46,23.85,369.79,366.48,166.98,166.23,35.0,35.0,95.59,95.51,309.07,303.33,143.72,142.54,0
23.12,22.79,372.15,370.55,170.0,169.8,35.0,35.0,95.77,95.73,306.29,302.65,147.95,146.59,0
20.11,20.31,375.07,377.66,171.34,172.19,35.0,36.0,94.87,94.79,304.25,304.8,149.24,150.27,1
18.06,17.62,388.77,387.35,175.78,175.53,36.0,36.0,94.99,94.92,320.47,318.27,156.0,152.93,0
18.17,18.41,388.46,385.82,176.12,175.08,36.0,36.0,95.58,95.62,319.67,314.98,152.92,151.64,0
19.62,19.4,379.36,380.11,172.32,172.19,36.0,36.0,95.93,95.99,313.38,314.27,148.24,148.64,1
19.85,19.61,384.03,384.02,172.89,172.0,36.0,36.0,96.26,96.32,314.15,313.88,152.81,153.1,0
20.29,19.73,382.42,384.29,172.7,174.92,36.0,36.0,96.2,96.17,313.15,316.38,151.47,151.6,1
17.07,16.91,394.74,396.47,179.61,179.7,36.0,36.0,96.31,96.26,325.86,329.01,155.76,156.98,0
16.57,16.6,402.24,401.68,182.63,182.01,36.0,36.0,96.19,96.21,334.83,334.75,158.5,157.8,0
17.63,17.33,399.66,400.35,178.09,178.2,36.0,36.0,95.99,95.97,338.51,339.32,155.01,154.92,0
17.3,16.95,401.33,401.55,179.47,179.38,36.0,36.0,95.89,95.93,341.91,341.95,156.53,156.7,0
17.63,17.54,401.75,401.61,179.33,179.29,36.0,36.0,96.15,96.2,341.3,341.25,156.55,156.72,1
17.78,17.68,404.4,403.48,180.16,180.33,36.0,36.0,96.07,96.09,343.15,342.45,158.92,158.28,0
18.81,18.63,394.31,393.95,175.85,175.64,35.0,35.0,96.03,96.08,332.75,333.2,153.24,152.82,1
21.04,21.01,388.91,389.21,173.04,172.99,35.0,35.0,96.47,96.49,328.3,327.29,150.03,151.02,1
22.28,22.87,384.05,380.69,171.56,169.75,35.0,34.0,96.54,96.55,323.29,319.91,148.86,145.76,1
20.7,20.57,383.33,386.84,169.93,172.26,35.0,35.0,96.0,96.04,320.88,324.9,147.03,148.34,0
18.56,19.29,398.04,397.05,179.28,179.3,36.0,35.0,96.43,96.51,335.71,334.65,155.84,155.08,0
21.6,21.89,387.94,388.2,175.11,174.33,35.0,35.0,96.55,96.57,328.61,328.34,149.08,148.92,1
19.67,20.31,387.3,392.26,175.25,175.74,35.0,35.0,96.35,96.32,333.22,339.4,147.87,149.79,1
21.27,21.58,396.62,393.73,175.21,174.56,35.0,35.0,96.22,96.27,334.98,333.1,155.56,152.81,1
20.31,19.9,398.35,399.61,174.91,175.08,35.0,35.0,95.96,95.89,334.41,334.97,155.55,156.6,0
21.74,21.89,398.17,397.83,172.13,171.18,35.0,35.0,96.26,96.37,335.31,334.92,156.42,157.28,1
24.58,27.18,393.03,386.2,169.08,165.32,35.0,35.0,96.3,96.33,331.64,326.19,153.5,150.0,1
26.95,27.95,391.31,389.91,164.02,163.76,34.0,34.0,96.12,96.16,331.99,329.49,153.38,152.31,0
29.44,31.12,385.8,387.12,158.74,164.77,34.0,34.0,96.07,96.03,330.3,330.08,150.25,151.91,1
24.92,27.19,398.28,393.82,167.48,165.3,34.0,34.0,95.94,95.99,335.13,330.59,155.33,152.45,0
26.23,22.96,398.78,399.69,159.99,160.24,35.0,35.0,96.22,96.34,335.32,336.63,155.07,155.71,0
19.17,19.38,394.93,397.48,160.75,161.41,35.0,35.0,96.53,96.49,336.28,337.68,151.17,152.63,1
20.24,19.17,398.11,399.3,161.12,161.02,35.0,35.0,96.46,96.55,337.05,339.83,152.94,153.75,1
17.36,17.59,403.43,401.75,157.65,157.87,35.0,35.0,95.59,95.54,342.64,341.27,154.82,155.12,0
16.81,17.11,399.73,397.63,153.71,153.49,35.0,35.0,95.8,95.83,338.18,339.12,154.91,151.4,1
16.36,16.37,397.75,397.42,151.0,151.0,36.0,36.0,95.94,95.92,338.94,339.51,152.35,152.3,0
16.86,16.49,393.86,394.61,149.94,150.0,36.0,36.0,95.47,95.41,335.68,336.07,149.95,150.35,1
17.49,17.66,391.77,390.59,148.43,147.87,35.0,35.0,95.18,95.18,333.92,332.43,149.52,149.04,1
18.34,18.73,392.57,389.51,148.96,147.92,36.0,36.0,94.84,94.85,331.25,330.8,148.75,146.4,0
17.74,17.78,392.47,395.32,150.02,150.81,36.0,36.0,93.98,93.96,334.57,335.95,148.19,151.17,0
17.43,17.22,399.16,398.06,150.2,150.44,36.0,36.0,94.09,94.05,337.11,336.99,152.51,150.97,0
15.59,15.44,400.04,398.22,151.89,150.96,36.0,36.0,94.34,94.35,338.51,336.44,148.34,147.15,0
15.06,15.1,394.48,393.18,151.58,151.49,36.0,36.0,93.86,93.86,332.89,334.0,142.65,141.3,1
16.11,16.03,389.55,389.05,150.39,150.02,36.0,36.0,94.12,94.09,333.9,333.13,140.08,139.92,1
16.54,16.41,386.8,387.43,148.66,148.96,35.0,35.0,93.93,93.88,330.31,329.37,138.38,138.39,1
17.4,16.53,381.06,384.22,147.22,152.57,35.0,35.0,93.36,93.35,324.13,324.35,135.37,136.43,1
17.06,16.98,381.95,380.0,149.82,148.85,35.0,35.0,93.88,93.8,324.33,323.17,135.57,133.88,1
15.79,15.98,379.58,379.12,149.36,149.32,35.0,35.0,93.97,93.95,316.0,310.11,134.24,135.02,0
15.02,15.24,380.23,377.93,149.33,148.64,35.0,35.0,93.97,93.81,311.0,308.13,135.77,134.26,0
15.35,15.01,375.98,377.27,149.69,149.48,35.0,35.0,93.75,93.77,310.4,310.76,134.6,134.77,0
16.06,15.49,374.16,374.98,148.81,149.26,35.0,35.0,93.58,93.56,307.17,307.41,132.36,133.25,1
15.82,15.7,375.94,375.47,148.7,148.76,35.0,35.0,93.81,93.73,309.21,308.23,133.49,133.84,1
16.09,16.31,373.75,372.65,147.01,146.55,35.0,35.0,93.95,93.95,308.35,307.29,132.51,132.33,1
16.64,16.86,367.88,366.63,143.77,143.76,35.0,34.0,94.03,94.08,302.34,302.75,131.25,130.2,1
18.01,18.64,363.69,360.0,142.11,140.91,34.0,34.0,94.02,94.08,299.21,296.31,129.26,126.41,1
20.14,19.85,359.51,357.14,141.24,141.51,34.0,34.0,94.52,94.52,294.91,292.88,126.46,125.34,1
20.62,20.0,359.88,358.39,143.23,142.81,34.0,34.0,94.37,94.32,295.34,294.23,127.36,126.62,0
19.46,19.54,364.08,362.97,144.03,143.29,34.0,34.0,94.21,94.22,296.22,294.85,129.2,128.63,0
20.54,21.0,362.8,359.67,143.06,142.0,34.0,34.0,94.23,94.27,295.18,293.11,128.84,127.05,1
22.95,21.3,354.08,357.38,139.47,141.11,34.0,34.0,93.99,93.98,285.78,288.76,125.2,126.66,1
22.92,22.96,353.71,352.62,139.49,139.14,34.0,34.0,93.83,93.78,284.05,283.11,125.91,124.91,1
24.78,23.14,358.6,357.96,141.9,141.5,33.0,33.0,94.31,94.23,282.12,281.92,128.74,128.14,1
21.48,22.56,360.97,359.28,143.66,142.83,34.0,34.0,94.35,94.34,285.71,284.0,129.1,128.28,0
22.07,23.25,361.17,359.87,142.47,141.91,34.0,34.0,93.72,93.77,285.1,283.52,130.33,130.25,0
19.74,18.76,365.67,370.35,143.25,145.37,34.0,34.0,93.41,93.38,289.8,294.17,132.83,135.71,0
19.33,18.63,370.65,372.98,145.66,146.83,34.0,34.0,93.07,93.46,298.23,299.56,135.5,136.57,1
19.91,20.87,370.76,369.57,146.65,145.85,34.0,34.0,93.48,93.46,298.85,298.58,135.74,134.87,1
22.72,24.36,367.09,366.15,144.45,143.43,34.0,33.0,93.23,93.2,296.73,294.8,133.19,132.48,1
23.41,25.71,367.58,365.7,143.93,142.94,34.0,33.0,93.24,93.28,295.69,294.3,133.05,132.2,0
18.37,18.69,377.82,378.31,148.82,148.79,34.0,34.0,92.88,92.93,304.17,305.22,137.5,137.93,0
18.41,18.18,376.68,378.05,148.44,149.03,34.0,34.0,92.46,92.55,303.76,304.82,136.64,137.73,0
19.3,19.46,375.73,375.26,148.56,148.12,34.0,34.0,92.68,92.62,303.26,299.79,137.15,137.25,1
19.58,19.37,377.86,376.33,150.35,149.55,34.0,34.0,92.62,92.68,299.56,296.99,137.63,137.16,0
17.94,18.8,381.23,379.47,155.0,154.07,34.0,34.0,92.53,92.48,298.42,297.25,136.26,135.12,0
19.44,17.96,381.01,380.78,155.49,155.11,35.0,35.0,92.71,92.65,300.82,300.21,134.65,134.57,0
18.97,18.14,381.93,382.11,156.98,156.69,35.0,35.0,92.54,92.51,299.78,300.18,135.66,136.37,1
16.27,16.41,379.22,380.4,153.76,153.65,35.0,35.0,92.22,92.23,300.99,301.15,135.41,135.54,1
16.27,16.11,381.97,380.58,153.87,152.51,35.0,35.0,92.51,92.45,302.2,301.83,135.44,135.21,0
16.06,16.48,381.04,379.95,152.83,151.83,35.0,35.0,92.66,92.63,302.87,301.88,136.07,135.42,0
15.98,16.19,380.51,380.26,152.66,153.12,35.0,35.0,92.71,92.65,304.42,303.59,136.8,136.45,0
17.95,18.84,373.07,372.42,147.48,147.54,35.0,35.0,93.03,93.06,298.99,299.09,133.76,133.61,1
17.46,16.79,373.92,374.8,148.35,148.36,35.0,35.0,92.83,92.83,300.99,302.01,133.32,133.4,0
17.42,17.22,374.63,374.37,149.81,149.62,35.0,35.0,92.88,92.89,304.3,302.62,132.42,131.97,1
16.96,17.15,373.84,373.23,149.45,149.71,35.0,35.0,92.99,92.96,305.02,304.65,132.19,131.88,1
22.74,21.67,365.06,363.96,147.44,146.7,34.0,34.0,93.56,93.57,299.72,296.77,127.94,127.64,1
23.12,21.57,360.22,362.21,145.03,146.36,34.0,34.0,93.14,93.14,288.69,290.73,125.52,126.53,1
17.56,17.91,365.18,365.73,149.8,150.19,35.0,35.0,93.14,93.13,292.04,293.08,128.08,128.19,0
17.31,16.12,366.15,368.98,150.23,151.12,35.0,35.0,92.62,92.63,292.39,294.6,129.45,130.66,0
15.68,15.59,367.89,367.53,148.97,148.89,35.0,35.0,92.97,93.04,289.48,289.81,130.47,130.38,1
16.33,16.06,365.69,366.21,146.19,145.86,35.0,35.0,92.89,92.92,286.63,286.95,131.14,131.82,1
16.81,16.79,368.14,366.84,146.05,145.6,35.0,35.0,93.07,93.06,287.21,286.44,132.71,132.17,0
16.82,16.72,369.26,368.73,146.44,146.09,35.0,35.0,92.98,92.95,288.8,288.33,134.31,133.88,1
17.46,17.28,368.37,369.67,146.35,147.06,35.0,35.0,92.27,92.24,288.51,289.52,134.01,135.01,1
17.73,17.97,368.18,367.34,146.98,146.95,34.0,34.0,92.28,92.27,286.88,286.51,135.59,135.16,1
18.23,18.04,366.77,366.81,147.27,147.36,35.0,35.0,92.04,92.08,286.22,287.12,134.1,133.7,0
19.17,19.46,365.28,364.6,145.81,145.52,34.0,34.0,92.06,92.05,285.42,284.82,132.77,132.5,1
19.69,17.7,362.44,366.48,144.38,145.64,35.0,35.0,91.85,91.86,285.17,286.5,129.57,130.91,1
17.91,18.31,365.25,365.83,144.69,144.98,34.0,34.0,92.27,92.32,286.24,286.22,128.62,128.5,1
19.41,19.36,365.6,364.43,144.81,146.77,35.0,35.0,92.46,92.43,288.99,286.54,126.65,126.24,0
18.62,17.58,368.22,368.49,149.12,148.99,35.0,35.0,92.63,92.65,289.43,289.05,127.66,128.51,0
16.98,17.69,365.31,363.95,147.55,146.8,34.0,34.0,92.81,92.82,287.37,286.14,128.31,127.73,1
17.59,17.91,361.77,361.56,145.94,145.4,34.0,34.0,92.8,92.75,283.84,281.4,127.71,128.5,1
19.73,19.73,358.35,358.79,145.53,146.15,34.0,34.0,92.97,92.97,278.91,279.32,125.5,124.91,1
20.89,22.5,355.63,354.67,143.46,142.45,33.0,33.0,92.88,92.89,278.03,277.01,123.86,123.4,1
16.8,17.01,361.4,360.52,148.46,148.48,35.0,34.0,92.59,92.62,282.07,281.03,126.83,126.07,0
16.7,16.33,362.98,363.07,149.24,149.15,34.0,34.0,92.4,92.41,282.0,282.51,128.76,129.62,0
17.34,17.12,364.83,362.42,148.1,145.64,34.0,34.0,92.8,92.75,282.35,280.98,131.33,129.91,0
16.39,16.17,362.03,362.42,144.03,144.5,34.0,34.0,92.23,92.26,277.52,277.32,129.81,130.19,0
17.88,19.0,358.17,358.77,142.75,143.24,34.0,34.0,92.36,92.42,275.72,277.42,127.03,126.35,1
17.74,16.2,355.74,360.95,141.58,144.57,34.0,34.0,92.7,92.64,276.9,279.93,125.5,128.06,1
16.43,16.44,362.45,360.19,143.54,142.02,34.0,34.0,92.53,92.55,279.4,277.66,130.62,129.86,1
15.53,15.48,356.52,354.57,137.9,137.27,34.0,34.0,92.57,92.6,272.82,271.6,130.23,129.19,1
15.62,15.83,354.07,354.43,136.6,136.96,34.0,34.0,92.35,92.44,269.61,270.9,130.79,131.12,1
16.18,16.02,354.83,354.99,136.17,136.33,34.0,34.0,92.08,92.05,270.69,271.4,130.8,130.98,1
15.69,15.76,353.53,353.71,134.8,134.78,34.0,34.0,91.88,91.89,268.87,268.72,129.85,129.85,0
16.04,15.97,350.47,349.89,133.46,133.41,34.0,34.0,91.83,91.81,266.23,266.69,127.54,127.28,1
15.99,16.32,349.73,347.74,134.45,133.7,33.0,33.0,91.8,91.8,266.16,265.28,126.47,125.23,1
16.25,16.66,347.51,347.57,133.77,133.98,33.0,33.0,91.73,91.76,265.99,265.51,124.97,124.6,0
17.91,17.89,344.15,344.36,132.13,132.3,33.0,33.0,91.88,91.9,262.72,262.63,123.89,123.79,1
16.96,17.75,343.63,345.34,130.71,131.79,33.0,33.0,91.88,91.89,259.63,260.9,125.61,126.69,0
18.49,18.15,339.97,341.01,129.8,130.15,34.0,34.0,91.43,91.13,256.07,257.38,124.81,125.28,1
16.99,17.02,342.74,342.26,130.37,129.64,34.0,34.0,90.54,90.54,259.4,258.36,126.74,126.34,0
16.27,16.39,344.15,344.51,129.94,130.48,34.0,34.0,90.48,90.52,259.78,259.89,127.05,127.44,0
16.18,16.1,340.36,340.35,126.53,126.11,34.0,34.0,90.07,90.08,257.99,257.24,125.75,125.3,1
18.18,17.89,337.19,336.84,127.02,127.13,34.0,34.0,90.14,90.12,254.29,253.59,123.72,123.69,1
17.18,17.07,338.17,336.76,127.21,126.74,34.0,34.0,90.13,90.08,253.81,252.57,124.57,124.07,0
16.58,16.42,338.4,336.6,126.6,125.9,34.0,34.0,89.99,89.95,255.16,253.81,125.96,125.1,0
18.09,18.04,331.85,330.0,124.07,123.54,34.0,34.0,90.47,90.51,247.76,245.71,124.18,123.0,1
17.73,17.48,330.55,333.47,124.68,125.06,34.0,34.0,89.93,89.91,245.22,247.3,123.85,125.14,1
17.86,17.9,333.25,332.82,124.28,124.28,34.0,34.0,89.92,89.83,248.13,247.4,124.25,124.41,0
16.8,16.74,334.12,332.88,125.57,125.28,34.0,34.0,90.03,89.97,251.0,249.31,123.59,123.22,0
18.03,17.36,333.67,334.13,126.44,126.85,34.0,34.0,90.08,90.04,251.17,251.49,122.39,122.63,0
18.37,18.84,333.66,332.97,126.96,126.9,34.0,34.0,89.69,89.64,251.43,251.72,122.5,122.5,1
18.35,18.4,334.07,332.51,127.82,127.1,34.0,34.0,89.85,89.84,251.77,250.78,122.76,121.7,0
20.42,20.67,330.43,328.83,127.82,127.31,34.0,34.0,89.78,89.81,247.57,246.48,120.4,119.69,0
22.33,22.18,324.12,322.59,125.23,124.69,33.0,33.0,90.21,90.19,243.96,243.12,117.75,116.79,1
22.46,21.34,316.66,322.22,123.16,124.85,33.0,34.0,89.78,89.75,239.31,243.08,112.14,114.74,1
18.89,19.72,325.39,324.41,126.56,126.27,34.0,34.0,90.18,90.16,246.27,245.18,116.46,115.37,0
21.77,23.13,322.6,319.34,126.25,124.97,34.0,34.0,90.76,90.75,245.58,243.03,114.83,113.09,1
26.03,27.59,319.92,316.89,124.58,122.77,33.0,33.0,90.75,90.71,241.8,239.0,113.69,111.82,1
22.42,21.84,320.23,325.31,123.4,125.91,34.0,34.0,90.19,90.14,242.17,246.23,114.06,116.63,0
21.17,19.66,319.7,325.76,123.5,126.85,34.0,34.0,90.24,90.21,244.55,247.18,112.99,116.4,1
18.45,18.39,334.37,331.51,130.85,129.74,34.0,34.0,90.88,90.95,252.15,249.73,121.79,120.11,1
18.41,19.15,328.76,329.03,127.89,128.1,34.0,34.0,91.27,91.31,246.45,246.47,118.88,119.13,1
18.84,19.48,332.25,330.14,129.2,127.85,34.0,34.0,91.28,91.29,249.06,247.79,119.89,118.6,0
18.16,18.31,333.56,336.19,131.19,132.54,34.0,34.0,91.0,90.95,250.97,251.86,118.76,120.09,0
17.67,17.61,337.7,340.22,131.78,133.48,33.0,34.0,90.63,90.61,249.74,252.51,123.03,125.12,0
16.88,17.28,342.37,339.0,136.47,133.58,33.0,33.0,90.55,90.61,255.46,254.56,125.6,123.98,0
17.47,17.56,339.81,340.15,134.31,134.39,33.0,33.0,90.9,90.91,256.08,261.97,125.6,125.99,0
17.62,17.64,341.93,341.63,135.01,134.72,33.0,33.0,90.88,90.81,261.59,261.55,127.05,126.73,0
18.56,18.71,335.85,335.2,132.16,131.94,33.0,33.0,91.29,91.33,257.88,257.17,122.39,121.8,1
17.28,17.5,338.89,339.29,133.04,133.5,34.0,34.0,91.11,91.16,260.21,260.58,124.5,124.56,0
18.48,18.68,335.09,336.41,132.36,133.11,33.0,33.0,91.21,91.24,258.94,258.26,121.62,121.36,1
17.36,17.29,338.2,338.88,135.02,134.84,34.0,34.0,91.05,91.07,257.82,258.74,122.65,123.08,0
16.65,16.57,342.15,341.61,134.3,134.5,34.0,34.0,91.66,91.69,259.47,259.5,126.78,126.7,1
16.78,16.99,339.47,336.51,133.82,132.03,33.0,33.0,91.63,91.69,257.93,255.59,126.47,125.1,1
16.71,16.65,340.85,340.6,134.94,134.43,33.0,33.0,91.83,91.85,257.48,258.49,126.38,126.31,0
16.99,16.91,338.24,336.67,132.44,131.24,33.0,33.0,92.08,92.14,257.26,255.91,127.57,126.56,1
17.05,16.95,333.68,335.08,129.8,130.36,33.0,33.0,92.07,92.06,252.87,253.25,127.49,128.34,1
16.92,17.16,334.56,331.62,128.95,127.9,33.0,33.0,92.42,92.46,252.77,249.9,128.21,126.53,1
17.99,18.12,330.33,330.82,125.83,126.21,33.0,33.0,92.32,92.34,247.81,247.86,126.84,126.82,1
18.07,17.91,330.73,331.05,126.5,125.9,33.0,33.0,92.57,92.6,247.61,249.07,127.73,128.58,1
18.6,19.4,323.07,319.13,123.66,122.15,33.0,32.0,93.22,93.23,238.47,235.77,124.02,121.78,1
19.8,19.61,316.16,314.32,121.65,119.9,33.0,33.0,93.24,93.3,232.91,231.85,119.39,118.38,1
20.76,20.74,313.89,315.91,120.11,121.39,33.0,33.0,92.91,92.94,233.53,235.24,118.33,118.89,1
19.32,19.81,311.11,311.33,120.35,120.59,32.0,32.0,92.81,92.53,231.55,232.34,115.39,115.05,1
20.8,21.2,309.97,311.87,119.54,120.09,32.0,32.0,92.6,92.53,235.3,235.46,113.11,114.63,1
20.64,20.3,318.63,317.22,122.82,122.54,32.0,32.0,92.39,92.34,237.85,237.58,118.42,116.63,0
19.46,18.88,319.73,318.61,123.33,123.39,32.0,32.0,91.8,91.74,237.49,235.99,119.77,119.63,0
21.43,21.58,311.87,312.04,119.9,120.53,32.0,32.0,91.83,91.86,231.02,230.72,115.7,115.53,0
18.95,19.23,316.87,321.9,122.88,124.76,32.0,33.0,91.4,91.44,232.56,237.04,118.6,120.35,0
20.1,19.79,317.45,320.58,124.05,125.57,32.0,32.0,91.86,91.87,236.15,237.71,117.36,119.23,1
20.14,20.03,321.09,318.83,125.7,123.99,32.0,32.0,91.83,91.83,236.28,234.81,119.12,117.94,0
22.57,21.91,313.86,318.04,120.4,121.96,32.0,32.0,91.43,91.42,234.01,237.13,114.75,116.91,1
22.5,22.56,315.77,310.88,122.54,119.98,32.0,32.0,91.79,91.82,234.96,232.42,115.63,112.19,1
23.76,24.03,316.16,311.77,121.69,121.09,31.0,31.0,92.05,91.96,237.0,233.78,116.27,114.52,0
25.11,25.47,307.47,299.94,119.03,116.36,31.0,31.0,92.46,92.31,232.88,227.39,112.1,108.11,1
29.48,28.57,306.8,304.1,120.98,120.13,31.0,30.0,91.66,91.63,229.52,226.73,113.7,110.84,1
26.52,26.67,308.78,309.16,121.75,122.06,31.0,31.0,91.01,90.95,226.74,227.56,115.89,116.5,0
22.8,24.1,317.27,318.4,124.81,125.12,31.0,31.0,90.79,90.79,232.16,233.87,120.43,120.29,0
23.58,23.35,324.25,323.59,128.41,127.79,31.0,31.0,91.03,91.04,237.01,236.94,124.34,124.1,0
28.73,28.89,315.85,312.83,122.59,120.99,31.0,31.0,90.36,90.13,231.53,228.99,120.07,118.04,0
21.73,21.34,321.39,324.13,124.68,125.35,31.0,31.0,90.07,90.18,232.08,234.55,123.52,125.01,0
23.76,23.11,318.74,321.48,124.94,125.86,31.0,31.0,90.1,90.17,230.01,233.27,119.99,121.12,1
22.82,23.45,317.0,322.44,123.76,126.0,31.0,31.0,90.02,90.01,230.33,234.51,119.98,122.29,1
23.1,22.49,333.86,332.47,130.24,129.71,31.0,31.0,90.57,90.59,243.75,243.79,126.15,124.25,0
21.98,21.5,330.23,333.93,129.2,130.84,31.0,31.0,90.9,90.95,241.8,244.2,124.12,125.58,1
22.02,21.46,332.47,335.54,131.25,133.19,31.0,31.0,90.71,90.51,241.32,243.7,126.74,128.06,1
21.6,21.25,333.71,334.58,134.35,135.13,31.0,31.0,90.41,90.42,243.93,244.49,125.54,125.99,1
22.09,21.99,334.33,332.75,135.9,135.39,31.0,31.0,90.46,90.37,244.78,242.82,122.85,121.49,0
21.64,21.63,334.99,333.51,136.48,136.01,31.0,31.0,90.49,90.44,245.0,243.77,122.25,121.18,0
21.57,21.24,332.62,333.58,136.62,136.91,31.0,31.0,90.91,90.93,241.87,242.47,121.03,121.54,1
21.99,21.77,331.22,330.24,137.35,137.39,31.0,31.0,91.49,91.53,242.23,242.01,119.22,118.47,0
23.44,22.91,327.82,326.38,136.3,133.94,30.0,30.0,91.09,91.17,242.66,243.0,116.85,117.11,1
24.59,25.56,329.82,327.68,135.76,134.99,30.0,30.0,91.05,91.2,239.57,239.51,119.91,119.36,0
28.01,30.24,325.48,322.42,135.73,134.14,30.0,30.0,91.0,90.98,241.3,239.65,119.59,117.75,1
35.16,30.21,319.58,321.32,135.83,137.09,30.0,30.0,90.56,90.46,235.99,238.93,115.5,115.41,0
33.25,37.21,320.67,319.43,139.52,142.06,30.0,30.0,90.73,90.65,235.61,232.9,115.58,113.05,1
23.82,23.02,326.26,328.59,143.43,143.16,30.0,30.0,90.15,90.17,238.0,232.33,116.44,118.85,0
23.91,23.19,328.85,328.11,143.6,142.92,30.0,30.0,90.39,90.39,231.86,229.53,120.73,120.94,0
22.24,21.32,325.29,326.36,136.28,136.87,31.0,31.0,90.05,90.13,227.08,224.97,121.5,122.78,1
21.34,21.58,325.15,323.77,133.8,132.03,31.0,31.0,90.42,90.48,224.7,224.34,122.47,120.91,0
22.82,23.24,320.14,316.41,128.66,127.83,31.0,30.0,90.41,90.5,217.7,216.44,123.04,121.41,1
23.52,23.25,314.13,314.35,128.78,128.91,30.0,30.0,90.22,90.24,213.52,213.02,119.4,119.71,0
22.22,22.21,316.5,316.04,130.8,130.89,31.0,31.0,90.28,90.36,215.91,216.34,118.53,116.81,0
23.07,23.33,314.19,313.92,128.76,128.8,31.0,31.0,90.0,90.09,214.02,214.93,118.25,117.44,1
23.49,24.08,314.46,314.42,128.5,128.98,31.0,31.0,90.52,90.47,216.5,217.49,117.91,116.9,0
22.43,22.37,317.34,314.98,132.43,130.92,31.0,31.0,89.83,89.83,218.68,218.29,117.56,115.59,1
23.67,25.07,310.28,307.54,128.36,126.6,30.0,30.0,89.32,89.53,214.04,212.25,112.9,111.01,1
25.48,25.34,307.0,311.86,127.72,131.01,30.0,30.0,89.48,89.44,212.17,217.9,110.42,111.35,1
26.94,26.97,308.29,309.31,128.89,129.41,30.0,30.0,89.9,89.87,217.26,217.69,109.23,109.43,1
22.99,22.77,312.87,312.97,134.08,133.72,30.0,30.0,89.93,89.68,221.7,221.68,108.98,108.93,1
22.58,23.08,314.16,312.96,135.58,134.87,30.0,30.0,89.98,89.99,225.23,224.15,107.58,106.95,0
21.61,21.7,314.05,312.68,138.05,136.69,30.0,30.0,90.21,90.34,226.31,224.96,107.84,107.22,0
22.47,23.31,308.47,308.2,131.32,130.96,30.0,30.0,90.28,90.41,221.42,221.02,106.6,106.3,1
23.49,24.23,309.81,309.76,132.16,131.88,30.0,30.0,90.52,90.65,223.11,223.94,107.25,107.1,0
25.24,25.16,309.85,308.92,131.61,128.23,30.0,30.0,90.09,90.04,222.69,222.59,107.46,107.29,0
22.15,21.93,311.66,311.0,128.96,128.7,30.0,30.0,89.83,89.82,218.59,219.42,109.1,108.96,0
21.98,22.5,310.63,308.98,128.9,127.81,30.0,30.0,90.27,90.45,219.87,219.28,109.67,108.98,1
22.51,22.89,307.7,307.29,127.41,127.88,30.0,30.0,90.49,90.47,214.75,214.13,109.48,109.03,1
24.0,24.72,306.37,304.04,124.34,121.78,29.0,29.0,90.69,90.71,215.17,214.2,108.7,107.34,1
22.49,22.52,300.81,302.52,122.43,123.24,29.0,29.0,90.74,90.82,210.05,210.52,106.41,107.13,1
22.12,22.27,299.21,301.31,120.5,121.78,30.0,30.0,91.06,91.09,211.77,211.8,106.09,107.05,1
20.66,20.68,308.07,308.29,124.53,124.38,30.0,30.0,90.92,90.97,215.16,216.01,109.9,110.47,0
21.65,21.3,306.76,307.25,124.37,123.75,29.0,30.0,90.9,90.79,213.97,214.29,110.27,110.32,1
21.05,21.28,304.33,304.28,122.6,122.94,29.0,29.0,90.71,90.71,214.22,214.24,107.23,106.59,1
21.24,21.17,304.07,303.85,123.52,123.08,29.0,29.0,91.06,91.12,214.61,215.37,107.31,106.63,1
21.0,20.77,302.22,303.46,122.02,122.72,29.0,29.0,91.19,91.31,214.88,216.21,106.16,106.2,1
20.21,20.57,301.87,299.62,121.01,119.05,29.0,29.0,91.95,91.87,214.51,214.07,105.32,104.31,1
21.65,21.64,295.44,294.47,115.55,115.17,30.0,30.0,92.11,92.23,215.11,213.86,101.95,101.85,0
22.04,22.66,291.49,290.39,113.91,113.85,29.0,29.0,92.53,92.51,209.59,210.11,102.2,101.53,1
23.43,23.11,292.3,292.38,118.64,118.64,29.0,29.0,92.34,92.29,212.2,212.42,100.71,100.5,0
23.62,23.84,289.48,290.11,117.59,118.03,29.0,29.0,92.56,92.32,211.38,211.08,98.69,99.21,1
22.86,22.71,291.7,292.27,118.61,119.39,29.0,29.0,92.44,92.42,213.65,214.46,100.23,99.7,0
22.84,22.45,293.4,293.2,119.55,120.3,29.0,29.0,92.49,92.64,216.1,217.23,100.63,100.86,1
24.94,25.35,290.01,288.4,119.44,119.21,29.0,29.0,92.95,92.96,216.36,215.44,97.92,96.68,1
24.39,23.45,290.72,289.76,119.62,119.49,29.0,29.0,93.01,93.04,217.21,216.55,97.85,97.73,0
25.01,24.8,285.92,283.42,117.19,115.97,29.0,29.0,92.7,92.75,212.39,211.01,96.0,94.41,1
25.36,25.75,285.26,288.59,115.55,116.32,29.0,29.0,92.76,92.73,214.5,218.39,96.85,97.43,1
27.87,27.58,293.58,294.39,118.32,119.03,28.0,28.0,92.57,92.53,222.26,223.29,96.85,97.0,1
27.56,29.57,293.41,286.91,117.95,114.95,28.0,27.0,93.34,93.41,222.04,216.39,95.7,93.29,1
36.79,35.55,283.56,274.65,114.14,110.44,27.0,27.0,93.09,93.55,214.02,206.43,91.95,89.99,1
36.44,37.13,271.86,269.98,109.66,108.77,27.0,26.0,94.05,94.13,203.89,202.33,88.92,88.16,1
40.81,37.59,274.38,276.39,111.06,115.32,26.0,26.0,93.92,93.96,203.5,204.72,87.9,88.97,0
38.8,40.28,273.04,271.64,112.37,111.2,26.0,26.0,93.46,93.41,204.07,202.68,86.94,86.83,1
34.69,33.35,278.13,282.66,115.05,116.6,27.0,27.0,93.15,92.94,207.67,213.25,88.18,89.72,0
32.04,32.46,281.42,280.47,115.49,115.05,27.0,27.0,93.07,93.05,211.59,210.08,90.76,90.03,0
28.47,28.11,284.79,284.18,116.39,115.75,28.0,28.0,92.93,92.95,215.03,214.89,92.12,92.22,0
30.1,28.65,285.05,284.19,117.45,116.87,28.0,28.0,92.67,92.61,213.93,214.8,92.3,92.26,1
29.12,29.35,284.67,284.41,116.67,117.51,28.0,28.0,93.05,93.07,213.12,214.65,93.0,92.85,0
28.81,29.18,284.56,283.8,116.2,115.98,28.0,28.0,93.42,93.43,215.8,214.22,93.43,92.78,0
27.16,26.97,291.8,290.1,121.28,120.71,28.0,28.0,93.8,93.86,220.15,219.66,94.51,93.82,0
27.1,26.4,287.25,292.06,118.72,121.19,28.0,28.0,93.43,93.38,217.1,220.86,92.46,94.19,1
25.72,26.07,295.32,294.52,121.0,121.1,28.0,28.0,93.54,93.53,223.0,222.86,95.09,94.69,0
25.67,25.07,296.34,294.53,125.27,124.4,28.0,28.0,93.03,93.07,222.72,221.4,95.04,94.97,0
26.2,26.36,283.09,281.41,115.28,114.97,28.0,28.0,93.56,93.61,211.23,210.58,93.14,91.75,1
27.65,28.06,282.32,279.92,116.25,115.08,28.0,28.0,93.61,93.63,210.51,209.83,91.62,90.64,1
29.26,29.48,277.83,275.16,114.62,113.16,27.0,27.0,93.83,93.69,207.06,205.91,90.08,88.74,1
28.05,27.96,279.29,280.16,115.7,116.5,28.0,28.0,93.44,93.51,208.82,210.38,89.31,89.53,0
28.87,26.7,276.01,282.25,112.89,116.79,27.0,27.0,93.73,93.71,208.0,212.46,87.27,89.25,1
25.78,26.37,281.79,277.84,117.64,115.81,27.0,27.0,93.8,93.89,213.49,210.33,88.77,87.1,0
26.69,26.27,276.09,275.95,113.79,114.09,27.0,27.0,93.85,93.89,207.73,207.26,87.07,87.23,1
26.81,26.19,276.72,277.2,114.55,114.96,27.0,27.0,94.24,94.28,209.35,209.44,86.57,86.77,0
28.17,28.51,265.82,265.39,108.43,108.22,26.0,26.0,94.32,94.35,203.55,203.19,83.43,83.65,1
29.54,28.58,261.58,264.16,105.17,107.12,26.0,26.0,94.38,94.39,199.85,200.59,82.15,82.93,1
27.02,26.86,272.15,272.48,111.62,111.81,27.0,27.0,93.99,93.99,207.9,207.42,84.95,84.87,0
28.61,27.78,270.05,267.51,112.68,110.08,27.0,27.0,93.55,93.66,205.06,202.54,84.68,84.18,1
26.65,26.46,271.62,270.32,110.4,110.34,27.0,27.0,92.86,92.97,202.8,202.91,85.92,85.43,0
28.22,26.04,267.52,274.61,109.72,112.13,27.0,28.0,93.15,93.21,200.05,205.05,83.26,85.62,1
25.31,25.59,279.77,279.06,115.23,115.54,28.0,27.0,93.08,93.05,210.62,208.78,87.24,86.69,0
25.92,25.85,278.9,275.16,118.33,115.36,28.0,27.0,93.06,93.05,208.42,205.41,86.09,84.9,0
28.63,29.71,274.33,272.34,114.57,113.49,27.0,27.0,93.33,93.34,207.2,205.37,83.9,83.19,0
28.67,28.81,280.97,277.88,120.36,117.32,28.0,27.0,93.23,93.26,213.4,211.29,85.24,84.25,0
31.68,31.46,275.54,269.95,117.26,112.82,27.0,27.0,93.58,93.45,207.6,202.66,83.92,81.91,1
34.62,33.6,285.76,287.41,120.07,120.88,28.0,28.0,92.8,92.74,215.1,217.3,86.2,86.9,0
26.28,26.57,298.2,302.76,126.91,131.4,29.0,29.0,92.66,92.85,229.27,231.65,90.41,91.78,0
26.01,26.12,303.26,299.92,137.59,134.18,28.0,28.0,92.28,92.34,227.97,227.27,90.9,89.41,1
25.86,26.41,297.6,294.88,132.76,129.04,28.0,28.0,92.18,92.14,225.51,225.53,88.35,87.69,1
24.59,24.47,292.27,291.05,126.01,125.01,28.0,28.0,93.02,93.0,228.18,226.58,86.7,86.45,1
23.42,23.27,293.08,291.96,127.14,126.52,28.0,28.0,92.85,93.01,222.89,221.15,87.98,87.68,0
22.14,22.03,287.11,285.86,126.18,124.83,28.0,28.0,93.02,93.02,217.88,216.47,87.41,87.19,1
22.16,22.37,282.78,283.63,124.7,125.86,28.0,28.0,93.28,93.3,213.1,213.69,86.42,86.22,1
22.58,22.72,280.07,279.93,119.26,118.28,27.0,27.0,92.72,92.79,213.86,214.58,84.81,84.84,1
24.1,22.54,275.3,276.1,115.75,115.71,27.0,27.0,92.96,92.89,209.54,209.7,84.59,85.53,1
21.6,21.51,277.93,277.97,115.98,115.56,27.0,27.0,92.28,92.27,211.49,211.49,86.22,86.05,0
21.69,21.35,276.41,275.32,114.35,114.61,27.0,27.0,92.82,92.85,210.53,210.28,86.95,86.59,1
22.27,22.13,273.01,272.48,114.83,115.01,27.0,27.0,93.22,93.34,208.76,208.7,85.68,85.43,1
22.2,22.28,272.64,271.86,114.43,113.01,27.0,27.0,93.37,93.44,209.44,209.19,86.21,86.25,1
22.82,24.03,267.37,265.19,110.5,109.38,27.0,27.0,93.68,93.63,205.29,203.38,84.36,83.62,1
21.85,22.13,269.1,270.31,111.97,112.73,27.0,27.0,93.6,93.58,207.16,208.25,84.84,84.82,0
23.45,22.65,274.04,274.64,113.21,113.9,27.0,27.0,92.81,92.79,214.85,216.35,85.62,85.75,1
23.03,22.99,270.78,271.05,110.41,110.06,27.0,27.0,92.77,92.87,212.34,212.94,85.86,85.9,1
23.44,23.76,270.83,270.38,109.38,109.67,26.0,26.0,93.23,93.38,214.9,213.29,85.82,85.82,1
24.01,24.28,268.74,269.38,109.13,108.94,26.0,26.0,93.58,93.35,214.17,216.54,84.63,84.59,1
24.79,24.76,265.83,261.13,102.88,96.19,26.0,26.0,92.82,93.02,204.4,203.9,83.77,83.61,1
25.04,24.1,257.78,259.77,94.19,95.04,26.0,26.0,93.32,93.45,201.0,204.06,82.11,82.83,1
25.16,25.44,258.33,256.81,93.75,93.25,26.0,26.0,93.75,93.7,202.5,202.02,81.51,80.79,1
24.86,24.74,259.33,260.12,94.37,94.81,26.0,26.0,93.58,93.67,203.61,203.85,81.81,82.95,0
27.96,26.08,254.12,258.01,90.99,92.85,26.0,26.0,94.77,94.69,200.42,202.54,79.28,80.54,0
23.97,24.32,264.55,264.93,97.0,97.27,26.0,27.0,94.98,94.99,207.19,211.75,81.91,81.89,0
24.56,24.84,264.46,264.0,96.69,97.0,26.0,26.0,95.13,95.12,209.2,208.75,81.56,81.3,1
24.08,24.46,268.41,266.78,99.17,98.36,26.0,26.0,95.75,95.83,213.66,211.6,82.54,81.71,0
27.15,28.0,259.71,259.12,96.99,96.52,26.0,26.0,96.28,96.35,204.47,203.92,80.26,79.74,0
28.41,27.76,257.97,260.9,96.56,97.73,26.0,26.0,96.0,96.08,205.4,208.04,79.05,79.8,1
29.15,29.52,261.68,260.37,98.99,97.06,27.0,26.0,96.17,96.26,209.56,208.35,80.66,80.16,0
31.14,32.19,256.07,258.54,94.84,95.48,26.0,26.0,96.54,96.46,206.13,207.07,78.32,78.84,1
30.86,29.26,262.0,262.18,95.34,95.68,25.0,25.0,96.75,96.7,213.62,214.32,80.29,80.3,1
28.18,28.08,261.89,259.99,96.26,95.34,26.0,26.0,96.45,96.43,216.33,212.83,79.25,78.93,0
28.95,29.43,258.0,256.61,94.18,93.17,25.0,25.0,96.99,96.88,210.07,208.25,78.52,77.82,1
28.77,27.94,258.1,258.39,93.85,93.46,26.0,26.0,96.75,96.73,210.45,210.7,78.58,78.8,0
28.33,28.62,252.97,250.49,91.96,91.03,25.0,25.0,97.15,97.2,205.68,204.7,76.57,75.53,0
30.96,30.43,247.66,247.6,91.28,91.2,25.0,25.0,97.39,97.39,203.14,203.51,76.45,76.4,1
32.54,31.78,242.77,242.84,90.02,90.45,25.0,25.0,97.4,97.54,197.88,198.44,75.05,74.59,1
33.01,32.22,245.75,246.03,91.1,91.21,25.0,25.0,97.35,97.43,199.73,200.34,75.25,75.25,0
36.59,33.84,243.91,243.71,90.18,90.02,25.0,25.0,97.24,97.15,197.8,197.84,74.84,74.74,1
31.05,31.37,247.99,248.84,91.25,91.63,25.0,26.0,96.66,96.65,201.6,201.91,75.93,76.34,0
31.71,31.77,248.39,246.74,91.0,89.72,26.0,26.0,96.93,97.04,202.09,200.57,76.6,76.09,0
32.07,32.94,246.74,244.28,88.66,87.93,26.0,26.0,97.42,97.42,198.59,196.32,76.55,75.75,0
33.83,33.47,243.29,243.62,87.85,87.9,26.0,26.0,97.08,97.16,194.0,194.24,75.71,75.86,1
33.28,33.67,244.4,242.85,88.79,88.02,26.0,26.0,97.01,96.96,195.03,193.57,75.77,75.06,0
34.28,34.4,243.78,238.75,87.87,85.75,26.0,25.0,96.56,96.71,192.89,188.94,75.91,73.91,0
37.68,40.79,239.09,234.02,86.18,83.98,25.0,25.0,96.81,96.73,190.54,186.27,74.0,71.95,0
30.45,27.57,242.29,246.22,87.33,88.21,26.0,26.0,96.09,95.96,193.13,196.84,74.74,76.65,0
26.73,27.57,245.0,243.3,86.98,86.0,27.0,27.0,96.43,96.32,191.13,189.8,76.73,76.26,0
25.93,25.81,240.66,241.55,83.04,83.37,27.0,27.0,96.63,96.62,188.0,188.36,75.29,76.12,1
24.79,25.81,236.06,235.03,80.84,80.58,26.0,26.0,96.74,96.68,182.62,182.92,76.17,74.59,1
26.23,25.66,236.32,236.69,81.1,81.28,26.0,26.0,97.32,97.28,184.3,185.36,73.45,73.78,1
26.75,26.84,236.23,235.63,81.17,80.84,25.0,25.0,97.57,97.67,184.82,184.91,72.89,71.8,1
28.4,28.23,234.42,234.06,80.19,80.46,25.0,25.0,97.84,97.83,184.25,182.83,70.75,70.41,1
29.3,28.59,230.43,229.99,79.81,79.56,25.0,25.0,98.52,98.38,182.73,181.4,69.39,69.13,1
27.82,27.62,229.05,230.29,79.19,79.53,25.0,25.0,98.91,99.06,180.74,181.81,70.25,70.64,0
27.62,28.01,228.51,229.04,79.04,79.18,25.0,24.0,99.02,98.91,180.2,181.57,69.62,69.59,1
31.36,29.53,228.46,228.87,78.94,79.21,24.0,24.0,99.42,99.37,183.19,183.43,68.89,68.85,1
28.97,27.99,231.49,231.39,79.67,79.81,24.0,24.0,99.18,99.12,185.4,185.66,70.47,70.64,0
29.52,30.53,229.48,226.86,79.17,78.29,24.0,24.0,99.55,99.37,184.81,183.63,69.68,68.17,1
28.73,29.3,227.66,227.43,78.76,78.74,24.0,24.0,99.62,99.67,185.03,184.91,68.4,68.43,0
32.5,32.61,218.77,221.83,75.09,77.39,23.0,23.0,100.26,100.47,179.06,180.53,64.88,67.13,1
35.16,35.28,218.12,219.34,76.13,76.91,23.0,23.0,100.19,100.24,177.54,179.75,64.81,65.3,1
32.74,33.04,222.65,222.12,78.04,77.85,23.0,23.0,100.01,99.93,182.55,182.51,66.97,66.48,0
28.47,27.57,227.48,226.87,79.46,78.75,24.0,24.0,100.23,100.24,186.8,186.74,68.8,68.36,0
30.14,31.44,223.55,221.82,76.41,75.94,24.0,23.0,99.84,99.89,184.98,183.6,67.36,66.63,1
32.12,34.12,221.75,219.0,75.81,75.16,23.0,23.0,100.21,100.09,184.17,182.54,67.25,66.03,0
32.69,33.61,219.37,217.66,75.12,74.39,23.0,23.0,99.8,99.71,182.08,180.76,66.06,65.26,0
34.82,35.97,217.4,215.22,73.77,73.29,23.0,23.0,99.51,99.48,180.62,178.84,65.34,64.42,0
38.17,34.15,214.54,218.91,71.56,73.45,24.0,24.0,99.13,99.02,175.8,179.21,65.43,66.87,0
30.99,31.23,220.01,219.0,72.49,71.93,24.0,24.0,99.48,99.57,180.0,177.43,69.05,69.44,0
32.48,33.57,216.21,211.5,71.18,69.65,24.0,24.0,99.88,99.87,173.22,169.81,67.52,66.33,1
33.21,33.29,217.27,215.56,71.27,70.79,24.0,24.0,100.06,100.04,175.59,174.05,67.9,66.77,0
41.91,41.38,210.94,210.52,69.3,68.76,23.0,23.0,100.5,100.43,172.06,171.42,64.65,64.65,1
41.3,41.98,211.8,210.97,68.97,69.03,23.0,23.0,100.45,100.39,174.11,173.52,65.23,65.25,0
44.91,45.41,209.14,204.89,68.4,67.09,23.0,23.0,100.21,100.26,171.39,167.82,63.58,61.76,1
44.28,43.83,210.63,212.74,69.07,69.23,23.0,23.0,99.94,99.96,173.5,175.06,63.56,64.66,0
39.5,40.11,215.96,213.25,71.17,71.67,23.0,23.0,99.86,100.03,179.5,177.04,66.68,65.42,1
41.92,40.84,211.78,209.43,71.85,71.11,23.0,23.0,99.63,99.46,174.3,171.88,64.83,63.73,0
39.4,37.76,208.48,211.86,70.6,71.76,23.0,23.0,98.82,98.89,171.2,173.7,64.03,65.49,1
40.24,41.17,207.17,203.03,70.0,68.31,23.0,23.0,99.38,99.35,169.0,165.51,64.31,62.75,1
43.0,43.35,202.27,200.57,67.18,66.52,23.0,23.0,100.13,100.12,166.36,165.13,64.1,63.44,1
45.9,46.7,198.08,196.4,65.69,64.86,22.0,22.0,99.91,99.9,165.67,163.49,62.5,61.4,1
44.83,45.24,202.14,196.48,67.7,65.62,23.0,22.0,100.75,100.69,169.59,165.27,63.85,61.59,0
51.11,50.91,185.5,186.01,60.7,61.23,21.0,21.0,100.2,100.18,155.1,155.26,57.0,57.17,0
54.46,57.06,181.59,182.31,60.09,60.23,20.0,20.0,99.51,99.67,151.86,152.11,55.17,55.67,1
57.38,53.54,184.81,190.4,61.63,63.57,21.0,21.0,99.01,99.05,153.0,157.71,56.72,58.57,0
56.69,57.08,191.53,192.04,63.9,63.7,22.0,22.0,99.25,99.18,159.4,160.23,59.87,59.75,0
64.95,61.0,186.93,191.9,63.19,64.61,21.0,22.0,99.29,99.35,151.75,156.11,58.77,60.86,1
65.67,63.95,183.87,182.3,61.63,61.38,21.0,21.0,100.96,101.05,148.4,146.92,58.4,57.38,1
61.44,61.67,184.42,183.66,62.69,61.72,21.0,20.0,101.6,102.04,148.91,148.34,58.37,57.82,1
58.76,61.59,179.91,170.46,59.09,56.09,19.0,18.0,102.13,102.49,143.75,135.98,55.75,52.41,1
67.86,72.0,181.74,177.66,61.8,61.2,20.0,20.0,102.94,102.76,146.0,142.71,53.58,51.43,0
80.62,76.45,175.69,176.6,61.85,61.67,19.0,19.0,100.79,101.16,142.77,140.4,50.15,50.54,1
69.37,75.91,171.61,182.14,59.94,63.22,20.0,21.0,99.38,99.58,138.0,146.57,51.0,55.12,1
82.69,82.69,175.47,169.3,61.88,60.55,20.0,20.0,98.14,98.07,140.0,135.42,51.89,50.99,1
71.31,75.47,187.07,177.32,66.22,62.06,21.0,21.0,97.45,97.47,147.5,139.06,57.66,54.31,1
61.46,53.9,182.09,195.22,63.99,68.86,22.0,23.0,96.65,96.51,145.3,153.63,56.47,60.72,0
52.24,47.3,199.35,204.11,69.35,71.34,24.0,25.0,96.33,96.41,157.13,160.92,62.07,64.18,0
49.68,54.46,201.11,193.57,69.29,66.54,24.0,23.0,95.34,94.9,158.16,150.62,62.77,60.46,1
41.46,39.62,204.67,211.59,70.5,73.23,25.0,26.0,96.61,96.82,162.61,166.27,65.26,67.24,1
33.61,31.99,212.69,218.22,73.88,75.69,26.0,27.0,97.38,97.34,166.05,170.55,67.51,69.42,0
34.44,36.82,213.32,209.48,74.11,72.33,26.0,25.0,97.17,97.15,168.49,164.51,67.34,66.03,1
33.64,33.42,217.11,216.42,75.92,74.7,26.0,26.0,97.56,97.36,173.8,172.79,68.53,68.27,0
42.02,39.16,198.92,205.64,64.32,68.38,25.0,25.0,98.42,98.51,152.41,158.18,62.3,64.71,1
28.95,27.56,211.05,216.48,70.28,73.16,26.0,26.0,99.02,99.0,163.32,170.17,66.0,67.84,0
26.63,27.85,216.67,215.37,71.63,72.02,27.0,27.0,99.08,98.97,169.71,168.07,68.01,67.43,0
22.19,25.03,223.19,221.39,75.24,74.55,28.0,27.0,99.33,99.36,174.2,170.89,70.25,69.43,0
17.33,15.56,233.64,234.78,79.66,80.08,29.0,29.0,99.86,99.87,183.17,184.42,74.43,74.93,0
14.54,14.38,236.46,236.98,80.66,80.91,29.0,29.0,99.54,99.71,186.95,187.28,75.8,76.13,0
14.66,14.83,236.07,234.73,80.0,79.75,29.0,29.0,99.43,99.44,188.06,187.23,75.37,74.22,1
14.12,14.15,234.28,233.97,81.19,81.22,29.0,29.0,99.12,99.07,183.25,183.71,76.0,75.67,1
14.43,13.74,232.62,234.27,81.05,81.8,29.0,29.0,98.99,99.05,183.08,184.71,74.98,75.49,1
14.86,15.18,233.34,232.01,80.37,79.9,29.0,29.0,98.77,98.72,185.58,184.44,75.0,74.44,1
14.91,15.04,233.21,231.97,80.9,80.39,29.0,29.0,98.86,98.83,190.65,188.7,73.56,72.9,0
15.07,14.96,229.16,230.19,80.59,81.3,29.0,29.0,98.46,98.5,182.85,183.63,72.73,73.45,0
15.13,15.15,228.77,228.22,80.64,80.36,29.0,29.0,98.29,98.3,180.97,179.9,73.5,73.4,1
16.29,16.05,230.22,227.47,80.88,79.71,29.0,28.0,97.94,97.96,184.03,180.12,73.25,71.97,1
16.45,17.97,225.39,222.38,78.83,77.17,28.0,28.0,97.82,97.8,177.14,174.38,71.6,69.73,1
16.25,15.49,223.5,222.6,80.23,80.97,28.0,28.0,97.87,97.87,172.21,172.78,70.72,71.36,0
17.82,16.39,220.37,221.81,80.14,81.09,28.0,28.0,98.03,97.99,174.05,168.04,70.8,71.52,1
15.68,16.28,222.66,221.45,81.11,79.42,28.0,28.0,97.95,98.02,167.84,165.46,72.33,72.63,0
16.94,18.23,219.6,218.1,78.15,77.24,28.0,28.0,97.95,97.96,163.78,162.28,71.63,70.85,1
12.75,12.98,225.62,224.59,80.06,79.81,29.0,29.0,97.72,97.69,167.51,166.72,75.16,74.15,0
13.26,12.91,223.71,223.87,79.48,79.43,29.0,29.0,97.48,97.53,166.19,165.7,73.9,73.7,1
12.45,12.85,224.38,223.28,79.65,79.14,29.0,29.0,97.62,97.53,167.4,166.5,73.62,73.09,0
12.21,12.32,223.24,222.28,79.07,78.81,29.0,29.0,97.31,97.32,167.42,166.17,73.05,72.73,1
12.2,12.42,221.24,220.17,78.4,77.84,29.0,29.0,97.18,97.23,164.35,163.18,72.24,71.58,1
12.79,12.39,220.18,220.08,77.96,78.17,28.0,28.0,97.38,97.37,162.62,162.13,72.36,72.65,1
12.72,12.32,220.75,220.95,79.18,79.24,28.0,28.0,97.36,97.35,163.39,163.28,72.59,72.5,0
12.42,12.54,219.76,218.99,77.65,77.41,28.0,28.0,97.43,97.45,162.82,162.09,72.51,72.1,0
12.95,13.45,218.91,217.15,76.81,75.8,28.0,28.0,97.27,97.3,161.84,160.09,72.61,71.69,1
15.16,13.79,215.47,215.53,74.29,74.6,28.0,28.0,96.83,97.01,158.93,157.58,71.57,71.57,1
13.84,13.85,215.64,215.56,74.96,74.95,28.0,28.0,96.65,96.67,159.32,159.03,71.12,70.4,0
15.01,12.47,213.29,216.16,74.29,75.09,28.0,28.0,96.79,96.85,158.32,160.62,71.28,72.34,1
14.84,14.82,211.62,212.21,72.48,72.88,28.0,28.0,96.73,96.74,156.77,157.59,70.38,70.62,1
12.61,12.65,214.55,213.79,72.78,72.48,28.0,28.0,97.54,97.53,159.45,158.67,71.64,71.38,0
12.65,12.61,211.97,211.81,71.17,71.0,28.0,28.0,97.66,97.66,157.48,157.41,71.22,71.04,0
12.55,12.5,211.81,210.86,70.56,70.01,28.0,28.0,97.4,97.38,157.35,155.71,71.45,71.07,1
12.55,12.58,209.64,209.55,69.88,69.94,28.0,28.0,97.4,97.4,154.0,154.37,70.97,70.66,1
12.24,12.29,209.6,209.39,69.95,70.1,28.0,28.0,97.24,97.22,154.3,154.69,71.1,70.9,0
12.23,12.14,209.5,209.27,69.89,69.97,28.0,28.0,97.14,97.02,155.45,155.53,71.0,70.5,0
13.18,13.94,206.36,206.51,67.87,67.87,28.0,28.0,96.78,97.4,153.0,153.24,70.2,70.2,1
14.94,14.99,204.77,204.98,66.95,67.69,27.0,27.0,97.08,97.41,151.65,151.7,68.34,68.24,1
15.57,15.68,204.37,203.9,67.2,67.12,27.0,27.0,97.51,97.41,151.54,151.13,67.3,66.81,1
15.8,15.86,204.17,204.07,67.15,66.73,27.0,27.0,97.65,97.64,151.29,151.36,66.8,66.55,0
14.37,14.52,204.25,202.83,66.87,66.4,27.0,27.0,97.38,97.41,150.99,149.93,66.67,66.02,1
14.46,14.8,203.15,202.43,65.95,65.44,27.0,27.0,97.59,97.65,150.05,149.85,65.93,65.62,0
16.38,15.96,202.49,201.41,65.27,64.86,27.0,27.0,97.71,97.74,150.14,149.31,65.5,64.67,1
14.68,14.91,200.32,203.0,64.58,66.04,27.0,27.0,97.89,97.86,147.49,149.55,64.33,65.59,1
11.55,11.54,205.13,204.61,66.4,66.07,28.0,28.0,98.3,98.25,152.33,152.03,67.03,66.76,1
11.88,11.87,204.32,204.22,66.74,66.59,28.0,28.0,98.33,98.32,151.36,151.23,66.82,66.97,1
12.82,13.13,202.17,201.7,65.65,65.5,27.0,27.0,97.93,97.99,150.07,149.48,65.84,65.58,0
13.35,12.78,201.94,202.15,65.92,65.8,27.0,27.0,97.86,97.93,149.4,149.62,66.0,66.3,0
13.42,12.86,202.85,203.37,66.39,66.57,27.0,27.0,97.85,97.86,150.31,150.39,66.62,66.96,0
12.33,12.46,203.84,203.07,66.98,66.78,28.0,28.0,97.81,97.79,150.88,150.34,67.53,67.19,0
12.95,13.05,202.61,201.43,65.92,65.66,27.0,27.0,98.17,98.16,148.93,148.06,67.38,66.47,1
13.16,13.0,200.83,201.59,65.94,66.12,27.0,27.0,98.34,98.37,147.02,147.31,66.44,66.59,1
12.91,12.68,200.84,201.54,65.28,65.49,27.0,27.0,98.33,98.31,146.74,147.07,66.09,66.48,1
12.64,12.69,201.13,200.96,65.39,65.55,27.0,27.0,98.21,98.2,146.28,146.11,66.63,66.34,1
12.98,12.73,200.02,200.43,64.67,64.86,27.0,27.0,98.14,98.14,143.98,144.26,66.16,66.47,1
12.59,12.62,200.76,199.76,64.69,64.31,27.0,27.0,97.95,97.95,143.84,144.06,66.93,66.08,0
13.18,13.1,199.98,200.21,64.19,64.28,27.0,27.0,97.94,97.98,144.37,144.46,66.27,66.48,1
12.85,12.83,200.35,200.1,64.26,64.38,27.0,27.0,97.55,97.51,144.97,144.55,66.59,66.45,0
12.99,13.22,197.93,197.08,62.39,62.19,27.0,27.0,97.3,97.35,144.26,143.37,64.25,63.75,1
12.21,12.33,197.56,196.99,61.81,60.82,27.0,27.0,97.44,97.65,144.9,144.61,63.93,64.11,0
13.23,13.2,196.42,196.04,61.19,60.82,27.0,27.0,97.67,97.69,143.52,142.83,64.38,64.04,1
13.16,13.11,197.24,197.57,62.24,62.26,27.0,27.0,97.76,97.76,144.08,144.19,64.59,64.48,1
13.53,13.71,193.09,194.09,60.79,60.9,26.0,26.0,97.69,97.63,139.34,139.94,62.53,62.26,1
13.98,14.01,193.62,192.22,61.13,60.8,26.0,26.0,97.46,97.49,139.39,137.24,61.56,60.65,0
14.83,14.46,191.43,191.85,60.53,59.99,26.0,26.0,97.49,97.53,136.88,136.37,60.64,61.73,1
13.99,14.0,194.06,193.39,60.29,60.13,26.0,26.0,97.31,97.33,138.97,138.43,62.41,62.2,0
14.2,13.79,193.26,193.55,58.65,58.82,27.0,27.0,97.6,97.61,139.76,139.69,61.56,61.66,0
13.79,13.68,194.18,193.04,58.77,58.59,27.0,27.0,97.99,98.0,140.95,140.41,62.3,61.62,0
13.94,13.54,192.88,193.52,58.34,58.83,26.0,27.0,98.32,98.29,140.79,141.58,62.13,62.53,1
13.94,14.57,191.65,191.09,59.1,58.97,26.0,26.0,98.45,98.45,140.06,139.55,61.59,61.31,1
17.35,17.57,190.8,188.68,58.24,57.52,26.0,26.0,98.7,98.7,140.12,139.1,61.05,59.85,1
19.28,18.64,187.25,187.23,56.98,56.76,26.0,26.0,98.98,99.12,138.49,138.24,59.45,59.29,1
19.94,20.28,186.96,185.42,56.76,56.1,26.0,26.0,99.09,98.97,137.46,135.67,59.09,58.26,1
17.61,17.86,187.01,188.24,56.46,56.77,26.0,26.0,98.98,98.97,137.08,137.12,59.2,59.83,0
19.42,19.12,186.99,186.07,56.41,55.21,26.0,26.0,98.87,98.86,136.75,136.28,59.46,59.09,1
20.11,20.56,184.07,184.05,54.61,54.74,26.0,26.0,99.03,99.02,134.95,134.65,58.19,58.2,1
18.75,18.56,186.01,187.27,55.77,56.15,26.0,26.0,99.16,99.13,136.25,137.07,58.61,59.16,0
16.02,16.24,189.54,188.81,56.27,55.99,26.0,26.0,99.4,99.38,139.66,139.03,59.98,59.57,0
15.77,16.07,189.7,189.38,55.14,54.97,26.0,26.0,99.19,99.13,140.15,139.54,59.85,60.32,0
16.23,15.96,189.87,190.08,55.0,55.26,27.0,26.0,98.96,99.04,139.44,139.36,60.15,60.11,0
17.05,17.05,187.79,187.97,54.64,54.42,26.0,26.0,98.38,98.34,137.5,137.38,58.81,59.1,1
14.77,14.91,191.37,190.5,55.26,54.68,27.0,26.0,98.64,98.6,140.36,139.14,60.43,59.99,0
13.94,14.05,193.11,192.84,55.35,55.24,27.0,27.0,98.57,98.27,141.01,141.07,60.75,60.61,0
14.66,13.95,192.86,192.52,55.5,55.69,27.0,27.0,98.57,98.56,140.3,138.52,61.03,60.86,0
14.61,14.44,192.2,192.6,55.27,55.18,27.0,27.0,98.21,98.26,137.36,137.39,60.78,60.79,1
14.92,14.67,191.7,191.68,54.99,54.98,27.0,27.0,98.65,98.61,136.96,136.33,60.3,60.55,1
14.16,14.22,192.95,193.23,55.0,55.77,27.0,27.0,98.41,98.31,137.78,137.52,60.9,60.99,0
14.69,14.61,193.64,192.43,56.2,55.9,27.0,27.0,98.63,98.65,137.85,136.12,61.34,60.89,1
15.33,15.2,190.98,190.64,54.52,54.18,26.0,26.0,98.33,98.33,135.91,136.08,60.37,60.13,1
15.53,15.27,190.19,191.19,53.47,53.54,26.0,26.0,98.33,98.28,136.8,137.52,59.68,60.01,1
15.92,16.27,192.03,191.78,53.51,53.32,26.0,26.0,98.42,98.41,140.03,140.05,59.82,59.73,0
16.92,17.33,190.39,188.33,53.0,52.3,26.0,26.0,98.4,98.45,139.11,137.63,59.23,57.97,1
18.23,19.66,187.43,185.65,52.1,51.43,26.0,26.0,98.96,99.0,137.3,136.04,57.24,56.31,1
17.94,17.88,188.94,187.92,52.54,52.25,26.0,26.0,98.43,98.46,139.15,138.12,57.42,56.85,0
19.02,19.35,187.37,185.09,52.13,51.38,26.0,26.0,98.19,98.21,137.25,135.56,56.59,55.64,1
20.55,20.31,183.84,184.43,51.03,51.04,25.0,25.0,98.01,98.0,134.88,135.74,55.04,55.29,1
20.18,19.32,186.08,184.82,51.97,51.62,26.0,25.0,98.05,98.08,136.39,135.45,55.85,55.42,0
16.15,16.68,186.76,188.02,52.36,53.12,26.0,26.0,98.19,98.17,137.19,137.78,56.45,57.22,0
16.12,15.8,188.98,188.63,53.3,53.16,26.0,26.0,98.25,98.3,138.66,138.79,57.38,57.3,0
17.01,17.5,188.66,186.97,53.25,52.59,26.0,25.0,98.17,98.19,138.55,137.26,57.29,56.72,0
16.78,16.88,188.0,188.43,52.72,52.59,26.0,26.0,98.36,98.35,138.21,138.41,56.95,57.04,0
20.48,21.18,184.11,182.55,51.07,50.44,25.0,25.0,98.13,98.14,134.88,133.68,55.38,54.78,1
21.58,22.1,183.11,182.76,50.87,50.69,25.0,25.0,97.95,97.99,134.39,133.98,55.18,54.84,0
17.81,17.52,185.31,188.39,50.79,52.24,26.0,26.0,97.8,97.81,136.36,138.6,55.25,56.66,0
21.28,21.09,184.27,184.35,50.26,50.12,25.0,25.0,97.48,97.38,136.05,135.79,54.93,55.08,1
18.14,16.91,187.32,188.26,50.33,50.86,26.0,26.0,97.57,97.62,138.61,138.89,56.2,56.72,0
19.36,19.49,185.15,184.25,50.05,49.76,26.0,26.0,97.6,97.54,136.6,135.28,55.78,55.31,1
20.7,20.17,181.32,183.26,48.85,49.25,25.0,26.0,97.56,97.63,133.79,134.69,54.33,55.01,1
22.29,24.59,182.38,180.73,49.08,48.34,25.0,25.0,97.25,97.52,133.8,132.21,55.17,54.15,1
17.69,17.87,188.82,190.15,51.38,52.11,26.0,26.0,98.41,98.37,138.09,138.06,56.9,57.37,0
15.41,16.12,191.51,191.1,53.48,53.26,26.0,26.0,98.59,98.52,137.0,136.27,58.39,58.55,0
13.83,13.94,194.31,193.78,54.11,52.2,27.0,27.0,98.03,98.05,140.33,140.35,60.08,60.35,0
12.87,12.83,193.16,194.62,52.19,52.42,27.0,27.0,98.07,98.04,140.14,141.03,59.97,60.62,1
12.58,12.74,194.52,193.3,51.87,51.76,27.0,27.0,97.79,97.82,140.37,140.19,61.0,60.54,1
12.24,12.07,194.48,195.15,52.22,52.17,27.0,27.0,97.69,97.73,140.43,140.72,61.29,61.66,0
12.8,12.61,193.07,193.79,51.92,52.21,27.0,27.0,97.72,97.71,138.9,139.29,60.46,60.06,1
13.42,13.53,193.58,192.53,52.12,51.81,27.0,27.0,97.3,97.26,139.76,138.43,59.8,59.4,1
13.31,13.53,193.82,192.42,51.45,51.42,27.0,27.0,96.82,96.79,140.22,136.42,58.44,58.23,0
14.45,13.97,191.3,192.2,51.0,50.84,27.0,27.0,97.2,97.22,135.55,136.27,57.33,57.2,1
12.62,12.86,193.2,193.15,51.01,51.13,27.0,27.0,97.36,97.4,137.7,137.08,57.39,56.99,0
12.61,12.68,193.86,194.15,51.15,51.3,27.0,27.0,96.92,96.93,138.96,138.9,57.28,57.59,0
12.76,12.93,192.63,192.42,50.61,50.44,27.0,27.0,97.08,97.05,138.85,138.4,56.31,56.1,1
13.01,13.03,192.88,192.56,50.83,50.81,26.0,26.0,97.06,97.1,138.2,137.85,56.26,55.94,0
14.38,14.09,191.79,190.66,50.46,50.31,26.0,26.0,97.51,97.49,137.13,136.46,55.99,55.39,1
14.47,13.96,188.79,189.71,49.8,50.01,26.0,26.0,97.38,97.38,136.0,136.96,54.64,55.01,1
13.18,12.93,190.45,190.01,50.82,50.68,26.0,26.0,96.73,96.73,136.8,136.58,55.91,55.98,1
14.16,14.06,189.19,189.26,50.35,50.39,26.0,26.0,96.81,96.84,136.12,135.68,56.49,56.65,1
15.7,15.82,186.95,186.5,49.67,49.94,26.0,26.0,96.19,96.21,134.57,134.15,55.75,55.04,1
15.66,16.21,186.47,185.79,50.07,49.95,26.0,26.0,96.18,96.21,134.14,133.93,54.67,54.31,1
16.1,16.28,186.13,184.93,49.44,48.89,26.0,26.0,96.18,96.14,134.35,133.43,53.9,52.75,0
15.43,15.26,188.06,188.16,49.61,49.65,26.0,26.0,96.0,95.98,137.25,137.78,53.66,53.68,0
14.74,14.75,188.57,188.85,49.7,49.87,26.0,26.0,96.62,96.63,136.58,136.95,53.57,53.83,0
14.04,14.33,189.72,187.11,50.09,49.47,26.0,26.0,97.18,97.12,137.45,135.69,54.39,53.22,0
15.05,15.15,186.73,186.41,49.92,49.61,26.0,26.0,97.63,97.64,135.0,135.16,53.38,53.09,1
14.89,15.35,185.88,183.74,49.01,48.47,26.0,26.0,97.53,97.56,134.19,132.85,51.47,51.02,1
16.0,15.82,182.44,183.42,47.89,48.54,26.0,26.0,97.01,97.01,132.26,132.32,51.3,52.64,1
16.16,15.91,183.12,182.34,48.68,48.55,26.0,26.0,96.96,97.0,131.98,131.49,52.73,52.38,1
16.26,15.99,182.88,183.4,48.49,48.7,26.0,26.0,96.71,96.69,131.4,132.1,53.03,53.54,0
15.84,15.94,185.07,183.15,48.72,48.15,26.0,26.0,96.75,96.76,133.88,132.6,54.18,53.35,0
15.65,15.93,178.5,177.61,46.63,46.31,25.0,25.0,97.01,97.04,129.19,127.82,51.67,51.38,1
16.25,16.09,176.52,176.21,45.77,45.64,25.0,25.0,97.29,97.32,126.44,125.83,50.77,50.68,1
17.06,16.97,176.6,174.91,46.07,44.91,25.0,25.0,97.12,97.07,124.95,123.16,51.52,51.07,1
18.74,18.86,171.98,170.12,43.86,43.33,24.0,24.0,97.21,97.14,121.28,119.84,49.84,49.06,1
19.05,17.3,174.71,176.77,44.06,44.58,25.0,25.0,98.15,98.14,124.23,125.73,49.3,49.82,0
17.47,17.9,176.54,176.03,44.49,44.35,25.0,25.0,98.13,98.14,125.26,124.94,49.6,49.44,0
18.55,17.5,176.45,177.49,44.11,44.56,25.0,25.0,97.93,97.95,125.38,126.16,48.87,49.28,0
16.34,16.92,179.3,178.25,45.05,44.92,25.0,25.0,97.83,97.86,126.91,126.18,50.43,50.02,0
15.93,14.75,179.0,181.02,44.95,45.7,25.0,25.0,98.06,98.09,126.2,127.67,49.95,50.87,0
15.06,14.95,180.81,181.83,46.17,46.65,25.0,25.0,98.02,98.02,126.62,126.9,50.97,51.78,1
15.86,16.31,181.5,179.95,46.31,45.77,25.0,25.0,97.92,97.93,127.43,126.22,51.72,50.62,1
15.89,15.29,183.1,184.93,46.73,47.52,25.0,25.0,97.83,97.86,128.31,128.93,52.94,53.75,1
16.69,16.44,183.11,183.09,47.48,47.73,25.0,25.0,97.54,97.57,126.75,126.02,53.74,54.52,1
17.57,18.06,179.39,180.54,46.57,47.17,25.0,25.0,97.53,97.53,124.26,124.73,53.39,54.02,1
19.4,20.55,179.51,178.58,46.6,46.43,25.0,25.0,97.32,97.37,123.87,123.35,53.44,52.67,1
18.79,19.1,184.06,184.77,49.35,50.18,25.0,25.0,97.43,97.43,124.91,125.5,54.9,55.29,1
21.4,19.4,183.76,185.77,50.1,50.73,25.0,25.0,97.58,97.62,124.29,125.51,55.13,56.08,1
18.95,19.32,185.68,186.24,50.48,50.72,25.0,25.0,97.57,97.56,125.44,125.52,56.12,56.49,1
15.9,15.44,187.86,189.94,51.47,52.12,26.0,26.0,97.52,97.55,126.46,128.15,57.12,57.81,0
14.11,14.42,189.69,188.11,52.72,52.29,26.0,26.0,97.83,97.83,127.36,126.21,58.59,58.23,1
14.35,14.8,188.88,188.93,52.46,52.63,26.0,26.0,97.63,97.69,127.98,127.88,57.69,57.68,0
12.86,13.12,190.76,189.54,52.47,50.17,26.0,26.0,97.53,97.48,130.53,130.6,58.6,58.13,0
13.11,13.11,189.48,191.02,50.77,51.15,26.0,26.0,97.85,97.86,129.81,129.77,57.68,57.6,1
13.44,13.25,190.2,190.48,51.23,51.32,26.0,26.0,98.12,98.2,129.7,129.15,57.35,58.62,1
13.29,13.14,191.15,189.71,51.71,51.79,26.0,26.0,98.1,98.17,130.06,125.01,59.46,59.8,0
12.53,12.28,190.44,190.31,51.84,51.87,26.0,26.0,97.6,97.64,125.79,125.44,59.24,59.3,0
12.66,12.42,188.37,187.92,51.11,51.13,26.0,26.0,97.28,97.29,124.1,123.76,59.06,58.82,1
12.8,12.6,187.48,187.15,50.78,50.78,26.0,26.0,97.01,97.01,122.19,121.77,58.92,58.78,0
12.12,12.18,187.75,186.5,49.89,49.81,26.0,26.0,97.07,97.04,121.24,120.77,59.07,57.93,0
12.26,12.32,186.51,185.86,49.87,49.81,26.0,26.0,96.93,96.94,121.64,121.05,56.95,56.55,0
12.96,13.02,185.86,185.03,49.8,49.74,26.0,26.0,97.14,97.18,120.64,120.33,56.72,56.17,1
13.37,13.3,185.77,185.47,50.21,50.16,26.0,26.0,96.89,96.95,120.54,120.19,56.23,56.22,0
14.09,14.28,184.75,184.48,49.67,49.88,26.0,26.0,96.99,97.01,119.76,119.28,55.65,55.77,1
13.46,13.18,184.5,185.13,50.08,50.03,26.0,26.0,97.08,97.05,118.63,119.93,56.08,56.39,0
13.46,13.58,184.3,183.71,49.11,48.92,26.0,26.0,97.3,97.31,119.39,119.36,56.18,55.85,1
13.84,13.74,183.81,183.78,48.7,48.84,26.0,26.0,97.04,97.09,120.1,119.97,55.55,55.79,1
13.06,13.36,183.74,182.73,48.31,48.51,26.0,26.0,97.3,97.36,119.86,119.19,55.4,54.52,0
13.62,13.4,182.23,182.04,47.77,47.81,26.0,26.0,97.33,97.23,119.06,119.02,54.5,54.48,0
14.19,14.43,179.63,178.31,47.46,47.18,25.0,25.0,97.2,97.2,118.07,116.93,52.94,52.32,1
15.38,15.15,178.36,177.9,47.24,47.12,25.0,25.0,96.97,96.77,117.44,116.77,52.5,52.42,1
14.52,14.68,179.27,179.05,47.19,46.7,25.0,25.0,96.75,96.74,117.88,117.91,53.25,53.19,0
16.22,16.33,179.58,178.22,47.92,47.19,25.0,25.0,96.5,96.57,118.62,117.66,53.29,52.7,1
13.77,13.63,181.76,182.57,48.84,48.77,25.0,25.0,96.32,96.5,119.5,120.22,54.63,54.95,0
14.11,13.91,179.24,179.76,47.51,47.04,25.0,25.0,95.91,95.76,117.14,117.52,53.32,53.12,1
13.54,13.56,179.06,179.05,46.56,46.63,25.0,25.0,96.4,96.38,117.39,117.65,53.64,53.58,0
12.89,13.1,179.16,178.45,47.09,47.01,25.0,25.0,96.51,96.52,118.09,117.57,53.37,52.97,0
13.21,13.5,177.43,176.71,46.21,45.93,25.0,25.0,96.72,96.79,115.34,114.59,52.37,51.73,1
13.35,13.41,177.12,177.01,45.98,45.43,25.0,25.0,96.49,96.55,114.54,114.5,51.95,52.02,0
14.0,13.77,176.6,175.69,45.56,45.23,25.0,25.0,97.01,96.94,114.13,113.62,52.09,51.81,1
13.97,14.33,175.17,174.73,45.0,44.73,25.0,25.0,97.05,97.22,112.82,112.83,51.71,51.55,1
17.38,16.59,169.51,171.43,42.58,43.13,25.0,25.0,97.61,97.67,109.16,110.39,49.72,50.49,1
16.33,15.74,173.09,173.56,43.47,43.63,25.0,25.0,96.83,96.87,111.4,111.75,50.75,51.05,0
14.91,14.74,174.68,174.55,43.67,43.88,25.0,25.0,96.9,96.87,111.87,111.7,51.85,51.92,0
14.52,14.63,174.52,174.42,43.99,43.96,25.0,25.0,96.68,96.68,112.25,112.26,52.01,52.17,0
14.57,14.78,174.41,173.19,43.57,43.29,26.0,25.0,96.22,96.16,112.89,112.03,52.13,51.67,0
15.17,14.7,173.04,173.59,43.58,43.72,25.0,25.0,96.09,96.15,112.04,112.17,51.41,51.69,0
15.53,15.17,172.92,173.7,43.3,43.58,25.0,26.0,96.06,96.0,111.69,112.36,51.99,52.23,1
15.16,14.85,173.04,173.52,43.43,43.56,26.0,26.0,96.39,96.41,111.26,111.59,52.37,52.57,1
14.46,14.46,171.98,171.62,42.9,42.77,25.0,25.0,96.59,96.61,110.05,109.41,51.81,51.36,1
14.0,14.02,171.77,172.25,42.95,43.01,25.0,25.0,96.49,96.45,106.9,107.15,51.63,51.68,0
14.92,14.88,172.43,172.28,42.8,42.73,25.0,25.0,96.53,96.52,107.86,108.17,51.47,51.22,1
16.82,16.22,172.51,171.22,42.81,42.7,25.0,25.0,97.06,96.98,107.91,106.9,51.38,51.02,1
15.61,15.65,170.38,171.01,42.43,42.55,25.0,25.0,97.14,97.13,106.31,106.81,50.65,50.87,1
15.46,15.43,171.62,170.89,42.85,42.72,25.0,25.0,96.73,96.71,107.5,106.89,50.93,50.75,0
15.23,15.97,169.59,168.4,42.53,42.36,25.0,25.0,97.06,97.06,106.14,105.25,50.29,49.64,1
16.81,16.37,166.73,168.23,42.25,42.74,25.0,25.0,96.6,96.51,104.39,105.27,48.74,49.56,1
15.66,15.38,169.03,170.52,43.1,43.56,25.0,25.0,96.39,96.39,105.19,106.03,49.95,50.65,0
15.44,15.57,171.06,171.03,43.66,43.55,25.0,25.0,96.06,96.07,107.0,107.22,50.09,49.43,0
15.79,15.73,169.75,169.53,43.22,42.81,25.0,25.0,95.83,95.85,106.06,105.74,49.14,49.15,1
16.63,16.57,167.37,168.16,41.74,41.61,25.0,24.0,95.55,95.58,103.78,104.43,48.42,48.3,0
17.39,17.66,166.65,165.68,41.53,41.31,24.0,25.0,95.35,95.34,103.8,106.38,48.14,48.33,1
19.15,19.13,163.39,161.57,40.81,38.67,24.0,24.0,95.79,95.82,104.62,102.94,47.69,46.91,1
19.45,18.87,163.2,163.11,39.06,39.08,24.0,24.0,95.74,95.75,104.88,105.08,47.61,47.54,0
18.43,18.89,164.48,163.2,38.87,38.18,24.0,24.0,96.49,96.6,107.24,106.2,47.73,47.56,1
19.69,19.52,162.66,162.15,38.53,38.48,24.0,24.0,96.07,96.12,106.86,106.71,46.07,44.92,1
20.85,20.8,162.77,161.94,38.54,38.33,24.0,24.0,96.32,96.3,106.12,105.68,45.41,45.1,0
17.8,18.06,164.84,163.63,39.38,38.97,24.0,24.0,96.07,96.07,107.46,106.12,45.73,45.32,1
19.51,19.04,161.84,162.35,38.55,38.74,24.0,24.0,96.07,96.06,105.0,105.38,44.46,44.77,1
18.08,18.6,162.63,162.38,38.27,38.27,24.0,24.0,95.94,96.04,105.26,105.01,45.22,45.12,1
18.53,19.07,159.97,159.27,37.57,37.5,23.0,23.0,95.57,95.61,102.51,102.05,45.31,45.0,1
19.68,19.5,160.32,161.28,38.22,38.45,23.0,24.0,95.44,95.54,103.19,103.6,45.13,45.41,1
20.98,19.98,159.59,160.82,38.13,38.33,23.0,23.0,95.16,95.22,103.22,104.27,44.63,44.95,1
20.44,20.47,160.15,159.52,37.82,37.69,23.0,23.0,95.81,95.9,103.86,102.8,44.31,43.83,1
20.96,21.4,159.56,158.09,37.39,36.98,23.0,23.0,95.69,95.67,103.04,102.06,44.45,44.08,0
24.36,25.45,152.18,149.82,36.13,35.55,22.0,22.0,96.28,96.31,99.72,97.4,42.04,41.32,1
25.68,23.22,152.6,154.88,36.0,39.48,23.0,23.0,96.72,96.82,100.1,101.12,42.81,43.96,0
29.97,29.96,154.01,153.05,39.38,39.04,23.0,23.0,96.51,96.48,102.09,101.18,43.37,43.13,0
31.2,30.41,150.57,152.46,38.96,39.29,22.0,22.0,96.92,97.05,99.3,100.56,42.05,42.76,1
28.24,28.38,153.06,152.29,39.22,39.21,22.0,22.0,96.39,96.28,101.63,101.51,42.53,42.31,0
26.09,25.58,154.16,154.53,40.1,40.22,23.0,23.0,96.99,97.04,103.05,103.69,42.86,43.47,0
25.15,25.58,158.24,158.42,41.5,41.52,23.0,23.0,96.91,97.1,103.65,103.97,45.08,45.44,0
24.68,24.52,158.67,157.43,41.35,40.99,23.0,23.0,97.13,97.1,103.75,102.89,45.26,44.9,0
21.57,20.65,163.19,165.1,42.25,42.74,24.0,24.0,97.09,97.06,108.25,109.45,45.32,46.05,0
21.0,21.46,166.06,165.05,42.62,42.28,24.0,24.0,97.04,97.04,109.58,109.08,46.5,46.2,0
21.91,21.76,166.06,163.61,42.6,42.16,24.0,24.0,97.38,97.39,110.89,108.59,46.23,45.51,0
22.96,22.64,165.66,163.07,42.92,42.4,24.0,24.0,97.18,97.22,109.8,107.59,46.11,45.29,0
22.42,21.19,166.13,166.89,43.37,43.68,24.0,24.0,96.8,96.81,108.38,109.19,46.36,46.53,0
16.84,16.44,171.38,172.33,45.24,46.21,25.0,25.0,96.94,97.04,111.94,112.09,48.76,49.23,0
19.18,18.79,168.38,168.15,45.07,44.89,25.0,25.0,96.76,96.78,110.7,110.19,47.16,47.22,1
18.65,18.49,168.0,168.7,45.67,45.24,25.0,25.0,96.85,96.79,110.33,111.12,47.39,47.67,1
18.87,19.02,164.62,163.44,44.18,43.56,24.0,24.0,97.37,97.37,107.89,107.14,46.9,46.44,1
19.41,18.9,162.0,162.89,42.88,43.66,24.0,24.0,97.03,97.07,106.27,106.47,45.97,46.37,1
21.66,22.48,161.29,159.16,44.93,44.25,24.0,24.0,96.82,96.84,103.6,101.71,46.0,45.33,0
20.76,20.1,158.37,162.06,44.59,46.47,24.0,25.0,96.2,96.19,101.8,104.62,44.1,45.37,0
20.04,19.98,166.49,168.09,47.63,47.85,25.0,25.0,97.05,96.93,107.08,107.28,46.06,47.96,1
20.41,21.25,164.84,165.2,47.1,46.7,25.0,25.0,97.01,96.8,104.99,104.97,46.28,46.49,1
20.52,20.02,168.09,166.47,48.48,48.06,25.0,25.0,97.03,97.3,108.1,106.94,46.99,46.25,0
19.45,20.45,167.15,166.33,47.91,48.54,25.0,25.0,97.6,97.54,107.55,106.87,46.03,45.66,0
16.87,16.72,172.83,174.46,51.39,52.12,26.0,26.0,96.63,96.72,110.85,111.75,47.96,48.63,0
16.18,16.36,174.76,175.58,52.5,52.49,26.0,26.0,96.19,96.0,111.8,111.96,48.32,48.85,1
18.03,19.91,172.25,170.24,51.49,50.94,25.0,25.0,95.99,96.32,109.44,107.72,48.85,48.26,1
19.84,19.96,168.93,168.96,50.48,50.4,25.0,25.0,96.33,96.28,107.38,107.51,47.78,47.76,1
18.52,19.34,171.53,172.06,52.39,55.56,25.0,25.0,96.31,96.28,106.48,105.92,48.89,48.99,0
20.96,21.23,170.08,169.82,54.76,54.72,25.0,25.0,97.08,97.13,107.05,106.81,47.17,46.73,1
22.72,23.35,168.55,165.92,54.22,53.33,25.0,24.0,96.99,97.01,105.44,103.73,47.07,46.21,0
23.94,24.7,162.8,163.23,52.79,53.06,24.0,24.0,96.66,96.58,103.66,103.85,44.5,44.33,1
24.51,24.22,165.24,171.06,53.98,54.95,24.0,24.0,96.59,96.68,105.69,108.3,44.63,45.67,0
24.78,25.23,167.99,165.34,54.43,53.77,24.0,24.0,96.36,96.43,106.55,102.32,44.82,44.41,1
21.6,20.71,173.12,173.27,55.65,55.68,25.0,25.0,95.92,95.96,108.41,108.1,46.69,47.61,0
22.18,19.64,170.79,173.91,53.96,55.16,25.0,25.0,96.03,96.01,107.77,109.63,46.54,47.8,1
19.24,20.06,174.39,173.18,54.52,54.01,25.0,25.0,95.95,95.9,108.93,108.5,48.5,48.24,0
18.02,17.4,176.6,177.29,54.47,55.3,25.0,25.0,95.66,95.58,110.1,110.71,49.22,49.53,0
17.06,17.62,178.14,177.22,55.58,55.54,25.0,25.0,95.09,95.05,111.68,111.0,50.25,49.77,1
20.28,21.3,174.02,172.21,54.73,54.34,25.0,25.0,95.05,95.06,109.54,107.6,48.66,48.14,1
21.63,24.98,173.99,169.6,55.11,53.61,25.0,25.0,95.04,95.02,109.01,105.91,49.12,47.73,0
23.07,22.96,171.04,171.73,53.63,54.09,25.0,25.0,95.43,95.51,105.35,106.16,48.16,48.15,0
16.03,15.95,178.53,179.63,56.37,56.72,26.0,26.0,95.59,95.67,111.24,112.26,49.57,50.44,0
16.12,15.69,179.2,179.05,55.91,55.94,26.0,26.0,95.75,95.76,111.14,110.85,50.4,50.54,1
14.29,14.22,182.39,182.38,56.99,57.0,26.0,26.0,95.76,95.75,112.63,112.79,52.13,52.33,0
12.84,11.61,185.22,185.95,57.7,58.02,26.0,26.0,96.05,95.76,114.61,115.17,53.08,53.53,0
11.66,12.05,186.52,185.75,57.51,57.32,26.0,26.0,95.46,95.51,115.42,115.15,53.68,53.33,0
12.47,12.0,185.95,186.17,56.81,56.82,26.0,26.0,95.3,95.3,115.3,115.61,53.14,53.37,1
12.59,12.41,185.25,185.83,56.2,56.24,26.0,26.0,95.02,94.89,114.19,114.41,52.8,52.94,1
12.77,12.89,185.04,184.27,55.96,55.11,26.0,26.0,94.26,94.19,114.78,113.98,52.82,52.61,1
12.21,12.42,184.25,184.14,55.25,55.55,26.0,26.0,94.17,94.13,114.47,114.45,52.84,53.08,0
12.28,12.2,183.78,183.89,54.94,55.2,26.0,26.0,94.25,94.19,114.8,114.67,53.54,53.94,0
11.76,11.8,185.27,184.72,55.2,55.01,26.0,26.0,93.89,93.91,114.0,113.57,53.76,53.83,0
11.82,11.75,183.95,182.7,55.06,54.59,26.0,26.0,94.55,94.54,112.28,111.7,53.63,53.14,1
12.61,12.79,182.86,182.84,54.63,54.56,26.0,26.0,94.54,94.64,113.05,113.21,53.03,53.02,1
13.48,13.68,181.52,181.34,54.45,54.47,26.0,26.0,94.61,94.5,112.19,112.14,52.76,52.62,1
12.13,12.37,184.66,184.53,56.44,56.6,26.0,26.0,94.55,94.52,113.36,112.91,53.09,52.8,0
12.91,13.14,183.67,182.58,55.88,55.27,26.0,25.0,94.83,94.8,112.12,111.71,52.84,52.16,1
13.07,13.22,182.87,183.12,56.24,55.96,25.0,25.0,95.1,95.25,111.43,111.24,52.04,52.76,1
13.96,14.16,180.97,181.72,54.5,54.58,25.0,25.0,95.15,95.15,108.9,109.38,53.0,53.43,1
14.72,14.65,180.53,181.81,55.46,55.78,25.0,25.0,95.02,95.02,108.23,108.74,52.95,53.15,1
14.21,13.91,183.54,183.45,56.56,56.72,25.0,25.0,95.1,95.18,108.25,108.49,54.28,54.57,0
13.69,13.16,185.55,185.85,57.25,57.09,25.0,25.0,95.4,95.44,111.01,111.71,54.84,54.87,0
13.54,13.53,186.18,186.41,56.63,56.26,25.0,25.0,94.7,94.72,111.69,111.95,54.15,54.24,1
12.25,12.25,186.41,186.74,55.81,55.75,26.0,26.0,94.53,94.6,111.67,112.02,54.66,54.82,0
12.34,12.5,184.91,184.61,55.04,54.93,26.0,26.0,94.73,94.72,110.45,110.26,54.58,54.51,1
12.01,12.16,184.8,184.34,54.75,54.49,26.0,26.0,94.77,94.78,109.94,109.6,54.65,54.31,0
