Date,Open,High,Low,Close,Volume
08/25/2023,"148.61","150.75","146.27","149.09","11,769,070"
08/24/2023,"156.46","156.59","148.58","148.82","13,494,370"
08/23/2023,"149.35","153.22","148.86","152.77","8,347,747"
08/22/2023,"153.05","153.24","148.89","149.53","10,829,390"
08/21/2023,"147.18","151.24","146.96","151.04","8,109,155"
08/18/2023,"143.79","146.66","143.35","146.13","8,817,884"
08/17/2023,"147.77","147.80","145.03","145.51","7,397,207"
08/16/2023,"148.97","149.14","146.41","146.50","7,232,226"
08/15/2023,"150.55","151.09","148.65","148.85","7,596,608"
08/14/2023,"145.45","150.73","145.02","150.66","8,154,245"
08/11/2023,"148.01","148.12","146.04","146.21","11,182,270"
08/10/2023,"151.14","153.16","148.90","149.97","8,639,308"
08/09/2023,"153.17","153.32","149.73","150.30","8,827,135"
08/08/2023,"153.90","153.90","151.53","153.34","8,446,539"
08/07/2023,"155.50","156.14","154.37","155.91","5,701,417"
08/04/2023,"154.22","156.54","152.75","154.25","6,804,363"
08/03/2023,"152.48","155.19","152.16","154.19","6,695,690"
08/02/2023,"158.77","158.79","153.46","154.64","10,039,840"
08/01/2023,"159.67","160.89","158.95","160.53","4,596,966"
07/31/2023,"160.70","161.17","159.67","160.62","3,934,305"
07/28/2023,"160.16","161.04","158.83","160.50","7,321,149"
07/27/2023,"158.65","160.92","156.67","157.46","10,244,020"
07/26/2023,"155.02","155.88","152.95","154.68","6,110,042"
07/25/2023,"154.46","157.35","154.46","156.39","5,773,695"
07/24/2023,"153.99","154.54","152.90","153.92","4,362,531"
07/21/2023,"154.49","155.27","153.01","153.79","8,246,283"
07/20/2023,"155.64","156.41","152.29","152.97","14,823,250"
07/19/2023,"160.43","160.51","158.06","158.58","9,333,684"
07/18/2023,"159.12","160.79","157.62","160.26","6,272,862"
07/17/2023,"157.23","160.45","155.70","159.82","7,316,071"
07/14/2023,"158.69","160.70","156.20","156.90","7,565,581"
07/13/2023,"156.39","158.47","155.85","158.21","6,395,932"
07/12/2023,"153.53","154.68","152.90","154.50","6,484,145"
07/11/2023,"152.18","152.19","149.42","151.32","5,153,489"
07/10/2023,"149.58","151.41","149.35","151.16","6,415,512"
07/07/2023,"149.03","151.24","148.65","149.05","4,351,861"
07/06/2023,"148.34","149.08","147.16","148.91","4,775,622"
07/05/2023,"152.25","153.16","150.66","150.70","5,187,452"
07/03/2023,"153.17","154.07","152.25","153.60","2,826,703"
06/30/2023,"151.75","152.96","151.02","152.25","5,309,236"
06/29/2023,"150.82","150.96","148.91","149.92","4,225,874"
06/28/2023,"148.92","151.54","148.80","150.14","6,800,173"
06/27/2023,"147.43","151.80","146.96","151.51","6,459,360"
06/26/2023,"148.28","150.36","146.83","146.85","7,403,860"
06/23/2023,"147.75","148.45","146.96","147.53","5,963,465"
06/22/2023,"148.15","150.67","147.95","150.08","5,959,109"
06/21/2023,"152.04","152.47","148.73","149.34","5,911,651"
06/20/2023,"152.75","153.94","151.13","152.84","4,597,998"
06/16/2023,"155.80","155.94","153.17","153.38","6,583,153"
06/15/2023,"154.03","155.75","153.32","154.48","7,587,956"
06/14/2023,"152.81","155.74","152.03","155.60","7,123,411"
06/13/2023,"153.73","154.35","151.40","153.27","8,274,603"
06/12/2023,"148.51","151.45","148.40","151.18","7,634,040"
06/09/2023,"147.93","149.14","146.14","146.84","5,960,253"
06/08/2023,"144.64","146.58","144.33","146.17","5,377,204"
06/07/2023,"146.44","148.17","144.16","144.50","8,687,507"
06/06/2023,"143.50","146.17","142.98","145.33","5,815,057"
06/05/2023,"145.28","145.75","143.60","144.31","6,727,936"
06/02/2023,"147.89","148.18","145.29","146.14","6,765,033"
06/01/2023,"144.86","147.79","143.80","146.50","7,272,666"
05/31/2023,"145.74","147.34","144.08","144.33","10,728,720"
05/30/2023,"150.65","151.71","147.50","148.07","13,295,430"
05/26/2023,"141.79","148.33","141.78","147.36","12,978,760"
05/25/2023,"137.93","141.14","136.28","140.46","16,072,920"
05/24/2023,"128.73","129.65","127.95","129.34","7,897,087"
05/23/2023,"132.41","133.04","131.08","131.27","4,853,834"
05/22/2023,"132.15","133.61","131.97","133.19","4,235,142"
05/19/2023,"133.77","133.93","132.58","133.30","5,312,965"
05/18/2023,"130.10","134.31","130.10","134.04","9,632,610"
05/17/2023,"127.29","129.94","126.80","129.50","6,322,773"
05/16/2023,"125.71","127.42","125.71","126.09","5,126,398"
05/15/2023,"123.08","126.12","122.85","126.12","6,192,761"
05/12/2023,"123.47","123.89","121.81","122.90","3,364,892"
05/11/2023,"123.79","124.03","121.89","123.04","5,339,534"
05/10/2023,"124.44","125.04","122.97","124.14","5,474,872"
05/09/2023,"123.59","123.77","122.74","123.14","4,951,653"
05/08/2023,"123.98","125.15","123.37","125.07","3,918,938"
05/05/2023,"122.16","124.97","121.59","124.38","5,553,204"
05/04/2023,"121.65","122.82","120.94","121.81","5,889,236"
05/03/2023,"122.85","124.30","122.08","122.22","8,223,032"
05/02/2023,"124.53","125.18","122.50","123.49","6,717,686"
05/01/2023,"123.99","124.96","123.67","124.57","5,202,088"
04/28/2023,"122.25","123.63","121.78","123.63","7,553,466"
04/27/2023,"120.56","121.76","118.57","121.59","6,814,222"
04/26/2023,"120.81","121.62","119.85","120.43","7,695,312"
04/25/2023,"122.53","122.55","119.54","119.59","10,464,576"
04/24/2023,"123.90","124.68","122.72","123.51","4,489,098"
04/21/2023,"124.59","125.32","123.29","124.17","5,202,358"
04/20/2023,"124.50","127.28","124.41","125.46","5,879,700"
04/19/2023,"124.78","125.53","124.50","125.32","5,013,022"
04/18/2023,"127.10","127.91","125.56","126.52","5,703,642"
04/17/2023,"124.90","125.99","124.33","125.95","5,297,078"
04/14/2023,"126.11","127.48","124.66","126.04","4,901,284"
04/13/2023,"125.50","126.89","124.59","126.18","5,760,774"
04/12/2023,"128.53","128.76","125.07","125.17","7,748,904"
04/11/2023,"128.58","128.76","127.24","127.43","6,288,960"
04/10/2023,"125.05","128.18","124.85","128.11","5,991,296"
04/06/2023,"125.32","127.02","124.64","126.20","7,448,080"
04/05/2023,"127.52","127.72","125.22","126.58","10,065,976"
04/04/2023,"131.11","131.27","128.21","128.84","8,057,632"
04/03/2023,"130.93","131.42","129.31","130.85","8,036,492"
03/31/2023,"129.69","131.79","129.43","131.60","7,281,628"
03/30/2023,"130.17","131.52","129.79","130.69","7,807,068"
03/29/2023,"126.82","129.57","126.82","128.84","9,979,202"
03/28/2023,"125.33","125.56","123.22","124.95","7,771,404"
03/27/2023,"127.64","128.00","125.44","125.83","7,025,660"
03/24/2023,"128.60","128.81","126.01","127.31","11,042,914"
03/23/2023,"128.42","130.96","127.31","129.36","10,950,910"
03/22/2023,"127.01","130.44","126.01","126.01","8,938,034"
03/21/2023,"127.44","128.69","124.80","126.82","11,118,200"
03/20/2023,"125.50","126.79","124.35","126.42","6,521,364"
03/17/2023,"125.95","127.09","124.63","125.16","9,868,572"
03/16/2023,"120.27","125.99","119.89","125.80","14,746,404"
03/15/2023,"120.50","121.25","118.54","120.96","12,602,294"
03/14/2023,"120.70","123.00","120.49","122.34","11,314,508"
03/13/2023,"117.36","120.25","116.39","118.78","9,831,434"
03/10/2023,"121.24","121.93","118.26","118.86","13,168,186"
03/09/2023,"122.96","124.78","120.57","120.82","8,222,930"
03/08/2023,"120.66","123.27","120.41","123.18","8,112,884"
03/07/2023,"121.45","122.00","119.53","120.04","6,616,626"
03/06/2023,"122.82","123.92","121.14","121.39","6,485,374"
03/03/2023,"120.85","122.59","119.92","122.48","5,385,168"
03/02/2023,"118.18","121.37","117.35","120.84","6,530,442"
03/01/2023,"120.22","121.28","119.33","119.78","4,725,784"
02/28/2023,"119.30","121.30","119.10","119.70","4,770,542"
02/27/2023,"121.00","121.17","119.56","119.64","5,851,976"
02/24/2023,"118.85","119.69","118.22","119.11","6,208,188"
02/23/2023,"121.13","121.86","119.16","121.27","11,583,204"
02/22/2023,"117.92","118.86","116.55","117.12","6,987,618"
02/21/2023,"119.51","120.78","117.57","117.70","7,695,880"
02/17/2023,"122.20","122.58","120.30","121.39","7,574,898"
02/16/2023,"123.89","125.03","122.90","123.07","5,418,086"
02/15/2023,"124.84","126.57","123.78","126.50","7,125,120"
02/14/2023,"123.00","126.89","122.29","126.51","9,481,956"
02/13/2023,"122.53","124.17","121.64","123.84","4,030,360"
02/10/2023,"122.69","123.13","120.78","122.01","7,529,836"
02/09/2023,"125.84","127.30","123.18","124.09","8,767,106"
02/08/2023,"125.51","126.35","123.31","123.60","7,844,728"
02/07/2023,"122.78","126.64","122.50","126.07","10,309,114"
02/06/2023,"122.48","124.10","121.88","122.40","7,811,358"
02/03/2023,"124.13","127.15","123.73","124.47","7,489,646"
02/02/2023,"125.54","127.82","124.81","126.79","12,985,842"
02/01/2023,"119.18","125.31","118.88","124.14","15,518,598"
01/31/2023,"116.45","118.56","116.10","118.55","5,484,094"
01/30/2023,"117.89","118.87","116.68","116.78","8,049,958"
01/27/2023,"118.45","120.60","117.96","119.64","7,254,526"
01/26/2023,"119.85","120.52","117.96","120.43","7,196,364"
01/25/2023,"116.16","118.57","115.14","118.31","6,854,082"
01/24/2023,"117.45","119.13","117.45","118.19","7,328,630"
01/23/2023,"114.50","119.35","114.35","119.04","12,789,906"
01/20/2023,"111.13","113.69","110.39","113.68","5,709,700"
01/19/2023,"111.79","112.14","109.86","110.10","9,283,094"
01/18/2023,"114.58","115.53","112.80","112.86","9,374,614"
01/17/2023,"112.62","114.33","112.45","113.57","5,059,216"
01/13/2023,"111.29","112.96","110.91","112.90","4,264,468"
01/12/2023,"111.74","113.23","109.45","112.49","7,704,844"
01/11/2023,"109.42","110.83","108.60","110.83","5,737,052"
01/10/2023,"107.76","109.55","107.37","109.55","5,463,946"
01/09/2023,"107.79","110.36","107.23","108.14","11,422,664"
01/06/2023,"103.08","106.45","101.43","105.84","7,005,844"
01/05/2023,"102.01","102.87","101.34","101.40","5,936,418"
01/04/2023,"102.55","103.80","101.34","103.25","10,039,868"
01/03/2023,"103.29","103.39","100.05","100.69","4,472,474"
12/30/2022,"100.35","101.61","99.57","101.47","4,410,996"
12/29/2022,"100.22","102.20","99.87","101.87","8,302,008"
12/28/2022,"99.48","100.56","98.27","98.65","5,064,044"
12/27/2022,"101.04","101.17","99.66","99.92","4,636,158"
12/23/2022,"101.04","101.86","99.97","101.74","3,876,262"
12/22/2022,"103.99","103.99","99.73","101.75","9,552,326"
12/21/2022,"104.48","106.46","104.21","106.15","5,675,506"
12/20/2022,"103.18","104.67","103.00","103.83","4,510,092"
12/19/2022,"105.59","105.77","103.44","104.34","7,226,902"
12/16/2022,"107.15","108.10","105.84","106.79","8,276,248"
12/15/2022,"109.98","110.29","107.30","107.63","8,841,994"
12/14/2022,"113.53","114.86","110.78","111.89","7,518,964"
12/13/2022,"117.02","117.29","112.42","113.85","9,469,980"
12/12/2022,"109.39","112.05","109.06","111.98","6,827,672"
12/09/2022,"110.60","112.02","109.73","110.02","4,938,368"
12/08/2022,"108.57","111.17","107.94","110.91","7,260,014"
12/07/2022,"107.23","108.77","107.13","108.16","5,651,762"
12/06/2022,"110.51","110.61","107.28","108.18","6,089,920"
12/05/2022,"111.46","112.17","109.61","110.61","7,068,978"
12/02/2022,"110.70","112.33","110.13","111.94","8,204,276"
12/01/2022,"114.59","114.93","111.89","113.50","8,752,324"
11/30/2022,"108.07","113.87","107.22","113.87","12,688,248"
11/29/2022,"108.43","108.92","106.96","107.72","4,908,890"
11/28/2022,"109.25","110.58","107.42","108.02","7,853,686"
11/25/2022,"111.33","111.76","110.63","110.63","2,207,350"
11/23/2022,"110.96","113.04","110.79","111.94","5,779,932"
11/22/2022,"108.74","110.98","107.81","110.98","8,283,702"
11/21/2022,"108.35","108.67","107.38","107.84","5,071,636"
11/18/2022,"111.35","111.35","108.43","109.76","8,025,470"
11/17/2022,"106.61","110.08","106.38","109.56","9,019,762"
11/16/2022,"110.38","110.64","108.11","108.74","10,710,958"
11/15/2022,"114.26","114.64","111.38","112.80","11,456,548"
11/14/2022,"109.93","111.30","109.16","109.36","12,231,920"
11/11/2022,"107.26","110.91","106.45","110.40","12,646,464"
11/10/2022,"102.64","107.09","101.72","106.90","17,078,044"
11/09/2022,"98.37","98.70","96.83","96.99","8,639,930"
11/08/2022,"99.40","100.84","97.80","99.70","12,147,000"
11/07/2022,"96.26","97.86","95.20","97.59","10,213,838"
11/04/2022,"94.86","95.78","93.39","95.70","8,471,092"
11/03/2022,"91.13","93.05","90.20","91.45","11,461,258"
11/02/2022,"96.00","97.71","92.49","92.54","11,903,846"
11/01/2022,"96.65","96.88","94.85","95.27","4,670,036"
10/31/2022,"95.60","95.84","94.10","94.61","5,975,842"
10/28/2022,"93.07","96.53","92.91","96.39","9,214,950"
10/27/2022,"95.21","95.99","92.73","92.85","10,174,652"
10/26/2022,"93.38","96.18","92.78","94.02","9,898,272"
10/25/2022,"93.58","95.63","93.54","94.95","13,488,890"
10/24/2022,"92.90","93.85","91.12","93.47","9,834,686"
10/21/2022,"89.67","93.32","89.28","93.18","12,884,058"
10/20/2022,"90.10","92.70","89.53","90.07","10,876,984"
10/19/2022,"88.19","90.17","87.78","89.36","8,535,872"
10/18/2022,"91.24","91.84","87.28","88.65","9,798,466"
10/17/2022,"88.85","89.74","87.91","88.63","8,269,638"
10/14/2022,"91.30","91.52","86.40","86.58","9,984,966"
10/13/2022,"84.37","92.10","83.49","90.43","21,406,360"
10/12/2022,"88.29","88.79","87.35","87.75","7,606,072"
10/11/2022,"89.45","90.04","87.09","88.28","16,052,568"
10/10/2022,"94.14","94.20","90.05","91.15","13,134,618"
10/07/2022,"97.33","97.61","93.91","94.30","12,253,506"
10/06/2022,"100.67","102.36","99.98","100.28","8,594,750"
10/05/2022,"98.52","101.73","97.66","100.97","6,730,948"
10/04/2022,"98.82","100.31","98.50","99.98","10,874,206"
10/03/2022,"93.64","96.83","93.06","95.88","8,538,904"
09/30/2022,"92.83","95.31","92.56","92.56","6,782,542"
09/29/2022,"95.19","95.44","92.70","93.95","10,499,980"
09/28/2022,"94.86","97.44","94.51","97.01","9,941,320"
09/27/2022,"96.55","97.36","94.45","95.79","8,243,828"
09/26/2022,"96.20","97.45","94.90","95.07","5,982,778"
09/23/2022,"96.49","96.84","94.74","96.19","8,751,968"
09/22/2022,"99.85","100.05","97.25","97.58","11,633,348"
09/21/2022,"101.47","104.69","100.34","100.36","11,149,350"
09/20/2022,"101.60","102.13","100.58","101.21","5,462,776"
09/19/2022,"100.65","102.91","100.56","102.63","6,698,194"
09/16/2022,"100.50","102.06","99.71","101.96","8,689,942"
09/15/2022,"102.75","103.66","100.79","101.50","9,906,240"
09/14/2022,"103.13","104.01","101.99","103.34","10,439,102"
09/13/2022,"104.91","105.77","101.95","102.23","9,622,090"
09/12/2022,"108.88","109.42","107.66","108.70","7,184,862"
09/09/2022,"107.34","108.74","107.14","108.43","8,128,292"
09/08/2022,"103.39","106.22","102.65","105.81","7,830,374"
09/07/2022,"102.98","105.18","102.25","104.39","7,927,362"
09/06/2022,"103.92","104.51","102.09","102.75","7,472,206"
09/02/2022,"106.27","107.29","103.47","103.91","6,884,594"
09/01/2022,"104.52","105.10","102.08","104.94","13,796,414"
08/31/2022,"108.68","108.88","106.37","107.29","7,843,276"
08/30/2022,"110.38","110.52","106.88","108.02","8,744,918"
08/29/2022,"110.45","111.46","109.16","109.27","9,062,348"
08/26/2022,"117.64","117.80","111.32","111.34","9,142,564"
08/25/2022,"114.27","117.90","114.25","117.89","5,456,772"
08/24/2022,"113.91","114.52","112.86","114.06","4,493,408"
08/23/2022,"113.40","115.54","113.37","114.14","4,517,204"
08/22/2022,"115.20","115.63","112.98","113.40","6,987,538"
08/19/2022,"119.36","119.79","117.10","117.50","6,864,340"
08/18/2022,"119.12","121.70","118.70","120.90","5,241,644"
08/17/2022,"120.15","120.27","117.70","119.24","6,676,082"
08/16/2022,"122.60","122.96","120.53","121.85","4,302,216"
08/15/2022,"121.95","123.53","121.40","123.24","4,506,188"
08/12/2022,"120.00","122.86","119.60","122.69","5,824,954"
08/11/2022,"120.18","122.50","119.06","119.32","8,788,904"
08/10/2022,"117.73","119.41","116.25","119.34","8,435,180"
08/09/2022,"117.13","117.21","113.37","114.70","13,725,920"
08/08/2022,"120.28","121.33","118.03","119.71","8,430,518"
08/05/2022,"120.70","122.77","120.06","121.81","5,279,892"
08/04/2022,"121.29","122.87","120.92","122.65","5,658,702"
08/03/2022,"118.46","121.78","118.21","121.41","7,424,422"
08/02/2022,"117.47","120.36","116.99","118.58","6,815,694"
08/01/2022,"117.50","119.91","116.83","118.82","6,570,186"
07/29/2022,"116.37","118.92","115.77","118.58","6,415,846"
07/28/2022,"116.42","117.79","114.01","117.60","6,426,434"
07/27/2022,"112.75","116.94","112.71","116.18","9,976,694"
07/26/2022,"112.36","112.72","110.65","110.99","4,261,266"
07/25/2022,"112.67","112.95","111.14","112.69","6,005,284"
07/22/2022,"115.62","115.80","112.55","113.39","11,208,960"
07/21/2022,"114.58","116.07","113.14","116.01","8,359,634"
07/20/2022,"111.11","114.49","110.45","114.10","10,183,416"
07/19/2022,"108.41","111.86","108.19","111.47","9,005,174"
07/18/2022,"108.96","109.50","106.06","106.60","8,425,028"
07/15/2022,"106.26","107.43","104.84","107.40","7,738,206"
07/14/2022,"102.28","105.18","100.78","104.75","6,802,552"
07/13/2022,"99.85","103.38","99.70","102.59","7,035,654"
07/12/2022,"102.83","103.43","101.21","101.78","5,470,604"
07/11/2022,"102.72","103.20","101.24","101.82","5,457,748"
07/08/2022,"102.22","104.95","102.00","104.32","5,470,002"
07/07/2022,"101.53","104.20","101.51","103.76","9,013,424"
07/06/2022,"98.49","100.25","97.54","99.18","6,654,768"
07/05/2022,"95.50","98.53","94.97","98.51","14,544,902"
07/01/2022,"100.10","100.42","96.81","98.00","12,926,302"
06/30/2022,"101.54","103.60","100.11","101.87","9,802,102"
06/29/2022,"104.07","104.33","102.02","103.16","7,706,786"
06/28/2022,"108.19","109.41","104.99","105.01","8,944,684"
06/27/2022,"109.09","109.25","106.97","107.72","5,422,520"
06/24/2022,"105.43","108.13","105.03","108.08","12,663,212"
06/23/2022,"104.77","104.89","102.21","103.71","8,493,258"
06/22/2022,"103.70","106.00","103.54","104.25","7,195,554"
06/21/2022,"104.88","107.16","104.87","105.74","10,006,156"
06/17/2022,"102.50","103.60","100.53","102.83","14,288,910"
06/16/2022,"105.08","105.29","100.99","101.99","16,871,542"
06/15/2022,"107.76","110.22","105.93","108.42","11,026,606"
06/14/2022,"106.91","107.37","105.16","106.47","9,095,368"
06/13/2022,"107.87","109.09","105.33","105.69","13,311,062"
06/10/2022,"114.05","115.03","111.71","111.91","11,145,342"
06/09/2022,"118.58","120.36","116.14","116.21","9,877,162"
06/08/2022,"121.37","121.85","118.63","119.39","8,183,892"
06/07/2022,"119.44","122.19","118.58","121.93","5,774,390"
06/06/2022,"122.86","123.73","120.27","120.96","8,430,788"
06/03/2022,"121.82","122.39","120.19","120.86","7,802,130"
06/02/2022,"120.16","124.56","119.72","124.53","8,733,280"
06/01/2022,"122.86","123.48","118.81","120.28","9,778,766"
05/31/2022,"122.56","123.30","120.37","122.29","10,122,268"
05/27/2022,"120.05","123.00","119.97","122.80","9,288,342"
05/26/2022,"113.19","118.57","112.74","118.12","8,707,526"
05/25/2022,"111.49","115.12","111.33","114.30","10,999,462"
05/24/2022,"113.11","113.50","110.92","111.97","12,751,574"
05/23/2022,"113.65","115.30","112.82","115.00","8,604,182"
05/20/2022,"116.02","116.26","109.38","114.09","18,009,754"
05/19/2022,"113.24","116.76","112.94","114.03","13,706,536"
05/18/2022,"117.75","119.18","113.48","114.00","10,887,638"
05/17/2022,"117.38","119.98","116.83","119.72","10,557,080"
05/16/2022,"115.02","116.02","113.76","114.26","10,146,156"
05/13/2022,"112.61","116.85","111.89","116.13","13,530,916"
05/12/2022,"108.63","111.44","107.61","110.35","15,976,848"
05/11/2022,"112.20","114.85","109.64","109.83","18,200,422"
05/10/2022,"113.81","115.13","110.74","113.30","19,597,750"
05/09/2022,"113.82","115.09","109.95","110.45","18,250,888"
05/06/2022,"116.55","118.92","114.21","116.34","19,808,446"
05/05/2022,"121.27","121.40","115.88","117.54","15,564,104"
05/04/2022,"120.00","123.60","116.23","123.33","20,898,440"
05/03/2022,"117.86","120.01","117.06","119.24","10,625,340"
05/02/2022,"114.95","118.36","113.87","118.27","16,399,270"
04/29/2022,"117.97","120.60","114.72","114.93","14,487,858"
04/28/2022,"116.21","121.34","114.84","120.25","19,096,916"
04/27/2022,"112.98","116.48","112.90","113.76","14,756,400"
04/26/2022,"118.16","118.30","114.31","114.31","18,289,042"
04/25/2022,"116.58","119.40","116.20","119.40","19,083,130"
04/22/2022,"119.98","120.72","117.27","117.37","14,250,910"
04/21/2022,"125.02","126.38","119.59","120.12","18,008,966"
04/20/2022,"125.79","126.64","123.08","123.51","13,034,518"
04/19/2022,"120.47","123.89","119.96","123.73","13,227,872"
04/18/2022,"118.61","122.17","118.55","121.15","14,242,974"
04/14/2022,"123.49","123.61","119.08","119.11","15,282,074"
04/13/2022,"121.15","123.86","120.39","122.85","16,482,890"
04/12/2022,"123.07","124.06","119.61","120.00","21,096,820"
04/11/2022,"121.63","122.35","120.47","120.65","15,627,808"
04/08/2022,"125.72","125.72","123.21","123.43","13,650,922"
04/07/2022,"125.86","127.62","124.06","126.43","15,147,020"
04/06/2022,"126.38","128.45","124.98","126.41","22,542,740"
04/05/2022,"133.97","134.05","128.71","129.08","22,220,320"
04/04/2022,"133.04","135.09","132.62","134.90","11,604,484"
04/01/2022,"135.40","135.89","130.80","132.71","15,469,994"
03/31/2022,"137.38","138.38","134.57","134.90","15,526,604"
03/30/2022,"140.98","141.33","136.91","137.69","14,507,870"
03/29/2022,"141.22","142.21","139.16","141.80","14,346,016"
03/28/2022,"136.66","138.73","135.04","138.67","13,225,150"
03/25/2022,"138.05","138.25","135.45","137.67","11,025,950"
03/24/2022,"133.41","138.26","132.60","138.24","16,911,530"
03/23/2022,"133.90","135.58","131.75","131.83","15,410,946"
03/22/2022,"134.30","136.70","133.97","135.21","11,647,258"
03/21/2022,"134.21","135.29","131.92","134.28","13,897,106"
03/18/2022,"130.64","135.02","130.14","134.60","16,140,452"
03/17/2022,"129.64","131.75","128.56","131.75","13,429,258"
03/16/2022,"126.59","130.93","125.43","130.93","23,147,480"
03/15/2022,"120.46","124.68","119.57","124.35","20,833,760"
03/14/2022,"122.78","123.42","118.66","119.35","23,371,360"
03/11/2022,"127.60","127.84","122.78","122.90","14,765,150"
03/10/2022,"126.12","126.30","123.35","125.72","14,997,820"
03/09/2022,"127.44","129.35","125.83","128.50","13,344,784"
03/08/2022,"121.51","127.59","119.83","123.15","25,880,760"
03/07/2022,"127.86","128.78","121.26","121.32","17,728,520"
03/04/2022,"129.78","130.78","126.15","127.68","16,157,950"
03/03/2022,"134.52","134.57","130.40","131.21","16,515,254"
03/02/2022,"130.82","134.81","130.49","134.10","16,573,532"
03/01/2022,"133.62","134.53","128.56","129.85","16,570,968"
02/28/2022,"133.23","135.43","131.49","134.08","17,840,222"
02/25/2022,"133.27","135.29","131.41","135.24","17,730,994"
02/24/2022,"123.97","133.40","123.38","133.38","21,510,120"
02/23/2022,"133.88","134.89","128.60","128.96","15,235,758"
02/22/2022,"131.15","134.85","129.77","131.72","17,874,714"
02/18/2022,"134.57","134.81","130.85","132.63","17,236,446"
02/17/2022,"137.98","138.16","134.00","134.12","15,832,920"
02/16/2022,"137.99","140.09","136.62","139.72","10,021,054"
02/15/2022,"135.51","139.91","135.09","139.74","12,811,954"
02/14/2022,"133.07","135.33","130.88","132.54","15,577,514"
02/11/2022,"140.00","141.01","131.79","132.63","23,369,820"
02/10/2022,"140.93","145.18","139.15","139.81","16,619,528"
02/09/2022,"141.40","144.15","139.61","144.13","20,297,300"
02/08/2022,"135.59","139.70","135.27","139.28","10,124,730"
02/07/2022,"136.89","138.47","135.84","136.48","10,319,748"
02/04/2022,"134.97","137.43","133.24","136.27","9,879,192"
02/03/2022,"138.32","140.28","135.00","135.53","16,690,676"
02/02/2022,"141.33","142.02","139.00","141.82","11,819,470"
02/01/2022,"138.65","138.75","135.11","138.29","11,685,468"
01/31/2022,"131.73","137.70","130.97","137.70","14,468,818"
01/28/2022,"128.21","131.04","124.68","130.85","21,911,400"
01/27/2022,"135.42","135.70","127.97","128.35","22,095,940"
01/26/2022,"136.23","139.45","131.95","134.07","20,527,300"
01/25/2022,"133.72","135.37","131.43","132.17","16,935,304"
01/24/2022,"133.10","137.70","128.62","137.62","25,145,520"
01/21/2022,"137.50","141.00","135.76","135.88","26,521,860"
01/20/2022,"143.72","144.79","138.17","138.18","16,708,752"
01/19/2022,"147.95","148.85","142.45","142.54","17,538,948"
01/18/2022,"150.86","150.90","146.30","146.59","12,516,500"
01/14/2022,"149.24","153.70","148.94","153.46","11,727,272"
01/13/2022,"156.00","157.41","149.85","150.27","16,958,554"
01/12/2022,"152.92","154.20","151.32","152.93","11,784,508"
01/11/2022,"148.24","151.79","147.09","151.64","9,940,172"
01/10/2022,"146.50","148.88","143.87","148.64","14,787,890"
01/07/2022,"152.81","153.31","148.10","148.45","13,858,846"
01/06/2022,"151.47","153.76","149.89","153.10","13,102,394"
01/05/2022,"155.76","156.94","151.51","151.60","16,288,398"
01/04/2022,"158.50","159.35","153.59","156.98","11,485,510"
01/03/2022,"155.65","157.85","155.22","157.80","7,155,196"
12/31/2021,"155.01","156.02","154.36","154.40","2,929,872"
12/30/2021,"156.53","157.01","154.64","154.92","5,910,694"
12/29/2021,"156.55","157.78","155.74","156.70","6,252,326"
12/28/2021,"158.92","158.96","155.95","156.72","5,077,778"
12/27/2021,"154.66","158.34","154.54","158.28","6,443,456"
12/23/2021,"153.24","155.19","153.07","154.13","4,795,644"
12/22/2021,"150.03","152.82","149.72","152.82","5,102,960"
12/21/2021,"148.86","151.16","146.82","151.02","9,070,928"
12/20/2021,"144.95","146.75","144.07","145.76","11,102,030"
12/17/2021,"147.03","150.03","146.66","147.65","11,279,234"
12/16/2021,"155.84","156.18","147.56","148.34","14,412,322"
12/15/2021,"149.08","155.19","147.80","155.08","10,836,802"
12/14/2021,"147.87","149.74","146.82","148.92","8,492,168"
12/13/2021,"154.32","154.47","149.55","149.79","7,499,666"
12/10/2021,"155.56","155.88","152.20","153.78","7,072,730"
12/09/2021,"155.55","157.11","152.67","152.81","6,494,388"
12/08/2021,"156.42","156.92","155.00","156.60","7,148,452"
12/07/2021,"153.50","157.71","153.50","157.28","11,288,902"
12/06/2021,"149.79","150.70","145.26","150.00","10,211,928"
12/03/2021,"153.38","154.72","148.77","150.58","13,547,548"
12/02/2021,"150.25","153.59","149.57","152.31","12,560,070"
12/01/2021,"155.33","157.79","151.78","151.91","14,237,264"
11/30/2021,"155.07","156.39","151.30","152.45","13,931,408"
11/29/2021,"152.26","155.87","151.54","155.71","9,032,744"
11/26/2021,"151.32","152.72","148.95","149.70","6,732,680"
11/24/2021,"151.17","154.25","149.74","154.17","7,165,204"
11/23/2021,"152.94","154.32","149.99","152.63","10,522,354"
11/22/2021,"156.80","159.41","153.64","153.75","10,941,090"
11/19/2021,"154.82","157.04","154.44","156.10","6,666,182"
11/18/2021,"154.91","155.82","153.57","155.12","7,604,440"
11/17/2021,"152.35","152.73","150.83","151.40","5,819,198"
11/16/2021,"149.95","152.53","149.39","152.30","4,880,342"
11/15/2021,"151.55","151.55","148.84","150.35","5,636,916"
11/12/2021,"149.52","151.16","148.62","150.55","5,272,182"
11/11/2021,"148.75","149.45","147.72","149.04","5,640,278"
11/10/2021,"148.19","150.16","145.78","146.40","10,610,902"
11/09/2021,"152.51","152.98","149.65","151.17","11,542,860"
11/08/2021,"149.27","151.93","148.58","150.97","8,629,994"
11/05/2021,"148.34","149.87","146.99","148.30","9,548,544"
11/04/2021,"142.65","148.05","142.16","147.15","15,122,328"
11/03/2021,"140.08","141.39","139.54","141.30","6,096,722"
11/02/2021,"138.38","140.00","138.30","139.92","4,611,892"
11/01/2021,"136.95","138.47","136.42","138.39","4,430,806"
10/29/2021,"135.37","136.87","135.21","136.82","4,406,214"
10/28/2021,"135.57","136.47","135.02","136.43","5,989,344"
10/27/2021,"134.24","135.48","133.65","133.88","7,880,914"
10/26/2021,"135.77","136.37","134.53","135.02","4,962,318"
10/25/2021,"134.19","135.05","133.69","134.26","3,739,036"
10/22/2021,"134.60","135.79","133.35","133.58","5,938,984"
10/21/2021,"132.36","134.83","132.24","134.77","3,889,550"
10/20/2021,"133.49","133.96","132.78","133.25","4,456,900"
10/19/2021,"132.51","133.84","132.02","133.84","4,631,744"
10/18/2021,"130.29","132.39","129.81","132.33","4,043,304"
10/15/2021,"131.25","131.41","130.49","131.29","5,309,512"
10/14/2021,"129.26","130.28","128.52","130.20","7,074,262"
10/13/2021,"126.46","127.02","125.83","126.41","5,695,528"
10/12/2021,"127.36","127.64","124.81","125.34","8,049,402"
10/11/2021,"126.73","128.65","126.58","126.62","4,422,040"
10/08/2021,"129.20","129.25","127.17","127.38","4,999,524"
10/07/2021,"128.84","130.13","128.51","128.63","4,943,434"
10/06/2021,"125.20","127.19","124.84","127.05","7,441,852"
10/05/2021,"125.91","127.56","125.31","126.66","6,784,640"
10/04/2021,"127.28","127.48","124.39","124.91","9,562,046"
10/01/2021,"128.74","128.84","126.18","128.25","7,362,658"
09/30/2021,"129.10","130.27","128.11","128.14","6,558,582"
09/29/2021,"130.33","130.85","127.89","128.28","9,581,768"
09/28/2021,"132.83","133.78","130.08","130.25","11,220,544"
09/27/2021,"134.86","136.19","133.86","135.71","4,060,578"
09/24/2021,"135.50","136.42","135.21","136.20","2,781,914"
09/23/2021,"135.74","136.96","135.04","136.57","4,484,190"
09/22/2021,"133.19","135.21","132.74","134.87","4,947,624"
09/21/2021,"133.05","133.41","131.43","132.48","4,624,356"
09/20/2021,"132.61","133.10","130.22","132.20","7,809,202"
09/17/2021,"137.50","137.50","134.98","135.50","7,483,640"
09/16/2021,"136.64","138.35","136.07","137.93","5,166,128"
09/15/2021,"137.15","137.74","136.06","137.73","4,266,840"
09/14/2021,"137.63","138.23","136.56","137.25","5,451,676"
09/13/2021,"137.25","137.50","135.42","137.16","5,600,966"
09/10/2021,"136.26","138.02","136.04","136.14","7,345,300"
09/09/2021,"134.65","135.85","134.49","135.12","4,631,686"
09/08/2021,"135.66","135.86","133.52","134.57","4,984,748"
09/07/2021,"136.85","136.90","135.56","136.37","3,927,362"
09/03/2021,"135.41","137.12","135.16","136.65","3,617,704"
09/02/2021,"135.44","136.85","135.01","135.54","3,220,106"
09/01/2021,"136.07","136.25","135.04","135.21","5,119,670"
08/31/2021,"136.80","136.80","134.37","135.42","5,864,464"
08/30/2021,"136.85","137.60","136.00","136.45","4,993,822"
08/27/2021,"133.76","136.28","133.66","136.02","6,363,552"
08/26/2021,"133.32","134.13","132.52","133.61","5,221,638"
08/25/2021,"132.42","134.43","132.42","133.40","10,723,960"
08/24/2021,"132.19","132.71","131.67","131.97","4,813,012"
08/23/2021,"129.67","132.02","129.65","131.88","9,150,558"
08/20/2021,"127.94","128.63","126.86","128.19","6,447,694"
08/19/2021,"125.52","128.36","124.68","127.64","8,966,670"
08/18/2021,"128.08","128.99","126.43","126.53","5,631,928"
08/17/2021,"129.45","129.48","127.10","128.19","10,177,072"
08/16/2021,"130.69","131.24","129.67","130.66","4,517,644"
08/13/2021,"130.47","131.28","129.95","131.23","5,656,780"
08/12/2021,"131.14","131.15","129.34","130.38","9,068,392"
08/11/2021,"132.71","132.79","130.31","131.82","4,258,270"
08/10/2021,"134.31","134.36","131.36","132.17","6,655,530"
08/09/2021,"134.54","134.90","133.37","133.88","3,998,144"
08/06/2021,"134.01","135.01","133.96","134.29","4,119,498"
08/05/2021,"135.59","135.90","134.27","135.01","5,626,798"
08/04/2021,"134.10","135.66","133.89","135.16","7,093,106"
08/03/2021,"132.77","133.71","131.43","133.70","6,436,922"
08/02/2021,"132.70","133.97","132.14","132.50","8,518,844"
07/30/2021,"129.57","131.98","129.56","131.57","6,459,688"
07/29/2021,"128.62","131.08","128.58","130.91","6,820,500"
07/28/2021,"126.65","128.81","126.01","128.50","6,731,574"
07/27/2021,"127.66","127.94","123.72","126.24","6,707,000"
07/26/2021,"128.05","128.75","127.60","128.51","2,543,896"
07/23/2021,"128.31","128.69","127.05","128.66","4,456,412"
07/22/2021,"127.71","128.48","126.86","127.73","6,214,474"
07/21/2021,"125.50","128.54","125.32","128.50","6,350,082"
07/20/2021,"123.86","125.65","122.21","124.91","7,590,240"
07/19/2021,"121.60","123.52","121.05","123.40","12,381,218"
07/16/2021,"126.83","127.19","123.11","123.43","8,994,208"
07/15/2021,"128.76","128.76","125.18","126.07","12,503,126"
07/14/2021,"131.33","131.93","129.20","129.62","6,704,250"
07/13/2021,"129.81","130.62","129.11","129.91","4,907,290"
07/12/2021,"129.11","130.29","128.65","130.19","4,457,560"
07/09/2021,"127.03","128.73","126.05","128.50","5,521,760"
07/08/2021,"125.50","126.97","124.45","126.35","6,860,580"
07/07/2021,"130.62","130.83","127.56","128.06","5,018,786"
07/06/2021,"130.48","131.05","128.24","129.86","5,563,454"
07/02/2021,"130.23","130.23","129.11","129.90","3,515,836"
07/01/2021,"130.79","130.82","128.74","129.19","4,886,328"
06/30/2021,"130.80","131.25","130.06","131.12","5,429,566"
06/29/2021,"129.85","130.98","129.19","130.98","5,117,560"
06/28/2021,"127.77","130.27","127.77","129.85","6,955,436"
06/25/2021,"127.54","127.87","126.46","126.78","5,170,698"
06/24/2021,"126.47","127.56","126.33","127.28","4,043,112"
06/23/2021,"124.97","125.91","124.86","125.23","4,196,120"
06/22/2021,"123.89","124.65","123.14","124.60","6,094,738"
06/21/2021,"123.46","123.99","122.48","123.79","7,902,218"
06/18/2021,"125.61","125.94","123.07","123.47","10,137,534"
06/17/2021,"124.81","127.70","124.81","126.69","7,849,402"
06/16/2021,"126.74","127.16","124.22","125.28","9,597,608"
06/15/2021,"127.05","127.95","126.01","126.34","6,987,388"
06/14/2021,"126.00","127.44","125.42","127.44","6,280,370"
06/11/2021,"125.75","125.75","124.80","125.74","4,843,178"
06/10/2021,"123.72","125.56","123.68","125.30","6,569,954"
06/09/2021,"124.57","124.80","123.61","123.69","5,712,108"
06/08/2021,"125.96","125.97","123.14","124.07","6,159,338"
06/07/2021,"125.44","125.46","124.27","125.10","5,799,874"
06/04/2021,"124.18","126.19","124.17","125.74","7,182,292"
06/03/2021,"123.85","124.28","122.40","123.00","7,640,996"
06/02/2021,"124.25","125.54","123.84","125.14","6,451,484"
06/01/2021,"125.49","126.57","123.66","124.41","7,920,014"
05/28/2021,"123.59","125.04","123.37","124.60","6,944,074"
05/27/2021,"122.39","123.71","122.10","123.22","5,487,834"
05/26/2021,"122.50","123.20","121.67","122.63","6,491,998"
05/25/2021,"122.76","123.24","121.66","122.50","8,098,154"
05/24/2021,"120.15","122.52","119.94","121.70","7,521,912"
05/21/2021,"120.40","120.48","118.75","119.09","10,890,962"
05/20/2021,"117.75","120.19","117.57","119.69","11,437,616"
05/19/2021,"112.14","116.91","111.97","116.79","16,199,930"
05/18/2021,"116.46","116.85","114.59","114.74","7,617,598"
05/17/2021,"114.96","115.41","113.42","115.37","10,104,672"
05/14/2021,"114.83","117.45","113.70","116.67","8,363,548"
05/13/2021,"113.69","115.00","112.01","113.09","17,899,906"
05/12/2021,"114.06","114.55","111.41","111.82","15,262,730"
05/11/2021,"112.99","116.90","112.64","116.63","13,493,064"
05/10/2021,"120.55","120.55","116.19","116.40","10,633,992"
05/07/2021,"121.79","122.75","120.69","121.80","10,771,582"
05/06/2021,"118.88","120.32","117.76","120.11","12,851,168"
05/05/2021,"119.89","120.65","118.48","119.13","9,871,592"
05/04/2021,"118.76","118.96","116.40","118.60","14,625,390"
05/03/2021,"122.29","122.40","119.71","120.09","9,077,930"
04/30/2021,"123.03","123.73","121.20","121.50","9,111,606"
04/29/2021,"125.60","125.68","123.09","125.12","7,921,592"
04/28/2021,"125.60","125.60","123.82","123.98","6,782,448"
04/27/2021,"127.05","127.21","125.44","125.99","6,919,586"
04/26/2021,"124.74","126.77","124.61","126.73","5,541,598"
04/23/2021,"122.39","124.82","122.28","124.60","6,415,088"
04/22/2021,"124.50","124.68","121.04","121.80","8,253,280"
04/21/2021,"121.62","124.64","121.05","124.56","9,880,218"
04/20/2021,"122.65","123.11","120.73","121.36","9,636,616"
04/19/2021,"125.26","125.72","121.90","123.08","10,237,522"
04/16/2021,"126.78","126.96","125.86","126.21","7,214,972"
04/15/2021,"126.47","126.94","125.11","126.70","8,138,786"
04/14/2021,"126.38","127.15","124.51","125.10","7,224,572"
04/13/2021,"127.57","127.79","125.37","126.31","7,384,086"
04/12/2021,"127.42","127.42","125.45","126.56","6,823,334"
04/09/2021,"127.49","128.04","126.87","128.04","5,391,220"
04/08/2021,"128.21","128.34","127.21","128.34","6,799,390"
04/07/2021,"126.84","127.30","125.75","126.53","7,925,928"
04/06/2021,"127.73","128.25","125.58","126.82","11,804,912"
04/05/2021,"128.53","128.77","126.69","128.58","9,784,696"
04/01/2021,"124.02","126.48","124.02","126.47","11,310,214"
03/31/2021,"119.39","122.44","119.39","121.78","10,132,204"
03/30/2021,"118.33","118.86","117.27","118.38","6,676,398"
03/29/2021,"119.68","119.95","117.46","118.89","12,544,272"
03/26/2021,"115.39","120.85","115.08","120.82","15,262,396"
03/25/2021,"113.11","115.41","112.21","115.05","13,527,970"
03/24/2021,"118.42","118.66","114.57","114.63","8,924,972"
03/23/2021,"119.77","119.77","116.11","116.63","9,038,676"
03/22/2021,"118.42","120.91","118.08","119.63","9,827,338"
03/19/2021,"115.70","117.86","114.40","116.84","14,151,120"
03/18/2021,"118.60","118.78","115.42","115.53","8,934,818"
03/17/2021,"117.36","121.29","116.52","120.35","10,292,348"
03/16/2021,"119.12","120.91","118.36","119.23","9,247,120"
03/15/2021,"116.11","117.94","115.17","117.94","6,876,340"
03/12/2021,"114.75","115.70","113.88","115.45","7,449,184"
03/11/2021,"115.63","117.47","115.04","116.91","8,957,336"
03/10/2021,"116.27","116.27","112.11","112.19","12,627,410"
03/09/2021,"112.10","115.26","111.65","114.52","14,207,142"
03/08/2021,"113.77","114.28","108.07","108.11","15,614,524"
03/05/2021,"113.70","114.63","108.46","114.40","14,766,656"
03/04/2021,"115.89","116.70","109.18","110.84","18,054,788"
03/03/2021,"120.43","120.78","116.38","116.50","9,035,078"
03/02/2021,"124.34","124.34","120.18","120.29","7,697,296"
03/01/2021,"122.35","124.13","121.18","124.10","7,118,900"
02/26/2021,"120.07","121.45","117.46","120.48","10,312,696"
02/25/2021,"123.52","124.15","117.62","118.04","12,311,890"
02/24/2021,"119.99","125.03","119.22","125.01","9,290,986"
02/23/2021,"119.98","121.94","116.44","121.12","9,492,350"
02/22/2021,"125.27","125.93","121.84","122.29","6,752,942"
02/19/2021,"126.15","127.91","125.60","126.93","8,658,840"
02/18/2021,"124.12","124.80","122.65","124.25","6,065,342"
02/17/2021,"126.74","127.24","124.01","125.58","7,337,990"
02/16/2021,"128.99","129.30","127.33","128.06","6,947,738"
02/12/2021,"125.54","127.52","124.78","127.28","6,800,792"
02/11/2021,"122.85","126.00","122.78","125.99","10,339,946"
02/10/2021,"122.25","122.95","120.00","121.49","7,481,162"
02/09/2021,"121.03","122.12","120.62","121.18","3,216,156"
02/08/2021,"118.76","121.55","118.60","121.54","8,969,132"
02/05/2021,"119.22","119.25","117.44","117.61","4,920,582"
02/04/2021,"116.85","118.47","116.17","118.47","5,895,736"
02/03/2021,"119.91","119.91","117.01","117.11","6,479,774"
02/02/2021,"119.59","119.59","117.90","119.36","8,677,388"
02/01/2021,"115.07","117.92","114.75","117.75","5,437,840"
01/29/2021,"115.50","115.91","112.79","113.31","8,083,676"
01/28/2021,"115.58","117.19","114.39","115.41","7,953,618"
01/27/2021,"116.44","116.44","112.47","113.05","11,583,590"
01/26/2021,"120.73","120.80","118.82","118.85","5,392,994"
01/25/2021,"121.59","121.85","118.49","120.94","7,048,468"
01/22/2021,"121.50","122.14","120.40","120.47","5,508,702"
01/21/2021,"122.47","123.07","120.94","122.78","7,217,856"
01/20/2021,"123.04","123.40","120.65","120.91","6,309,846"
01/19/2021,"119.63","121.50","118.99","121.41","6,144,486"
01/15/2021,"119.40","119.60","116.36","117.38","7,656,894"
01/14/2021,"118.53","121.44","118.39","119.71","6,605,696"
01/13/2021,"118.25","118.32","116.25","116.81","4,428,042"
01/12/2021,"117.91","118.38","116.27","117.44","6,375,140"
01/11/2021,"114.72","117.68","114.49","116.90","6,266,994"
01/08/2021,"117.56","117.96","113.93","115.17","6,728,068"
01/07/2021,"112.90","115.83","112.90","115.59","5,244,660"
01/06/2021,"110.42","113.11","109.97","111.01","7,689,260"
01/05/2021,"109.23","111.45","109.23","111.35","4,639,014"
01/04/2021,"110.28","112.50","108.28","109.43","9,300,588"
12/31/2020,"108.98","109.27","108.14","109.21","2,863,096"
12/30/2020,"107.58","109.05","107.58","108.93","2,108,846"
12/29/2020,"107.84","107.90","105.96","106.95","4,497,940"
12/28/2020,"108.64","108.75","107.12","107.22","2,445,734"
12/24/2020,"106.60","107.46","106.60","107.44","1,142,898"
12/23/2020,"107.25","107.62","106.24","106.30","2,660,068"
12/22/2020,"107.46","107.46","106.18","107.10","3,693,908"
12/21/2020,"106.18","107.35","105.40","107.29","4,260,758"
12/18/2020,"109.10","109.28","107.89","108.58","6,821,120"
12/17/2020,"109.67","109.70","108.54","108.96","2,250,840"
12/16/2020,"109.48","109.48","108.13","108.98","2,536,298"
12/15/2020,"108.70","109.31","108.20","109.03","5,029,394"
12/14/2020,"107.20","107.97","106.77","107.34","4,346,512"
12/11/2020,"106.41","107.10","105.21","106.26","4,151,642"
12/10/2020,"106.09","107.85","105.68","107.13","4,239,406"
12/09/2020,"109.90","110.32","106.34","107.05","7,175,164"
12/08/2020,"110.27","110.90","109.57","110.47","3,726,026"
12/07/2020,"110.41","110.45","109.35","110.32","4,150,660"
12/04/2020,"107.23","109.70","107.04","109.70","5,366,978"
12/03/2020,"107.31","107.83","106.46","106.59","4,605,118"
12/02/2020,"106.16","106.98","105.70","106.63","5,308,988"
12/01/2020,"105.32","107.00","104.88","106.20","6,738,106"
11/30/2020,"103.38","105.28","101.99","104.31","8,532,526"
11/27/2020,"102.55","103.79","102.55","103.21","3,684,552"
11/25/2020,"101.95","102.50","101.43","101.85","3,595,642"
11/24/2020,"102.20","102.24","100.39","101.85","3,909,890"
11/23/2020,"100.76","101.98","100.40","101.53","5,039,904"
11/20/2020,"100.71","101.32","99.88","99.99","3,579,314"
11/19/2020,"98.69","100.60","98.34","100.50","4,394,818"
11/18/2020,"100.23","100.68","99.16","99.21","7,665,230"
11/17/2020,"100.63","100.63","99.25","99.70","3,430,226"
11/16/2020,"98.87","101.16","98.71","100.86","4,773,406"
11/13/2020,"97.92","98.87","97.44","98.10","4,875,048"
11/12/2020,"97.85","98.34","96.24","96.68","6,405,544"
11/11/2020,"96.00","97.98","95.92","97.73","5,375,384"
11/10/2020,"96.85","96.88","94.19","94.41","6,903,188"
11/09/2020,"100.91","101.45","97.33","97.43","10,781,236"
11/06/2020,"96.85","98.79","96.30","98.50","6,303,608"
11/05/2020,"95.70","97.14","95.51","97.00","6,045,494"
11/04/2020,"91.95","93.62","90.81","93.29","7,822,518"
11/03/2020,"88.92","90.63","88.86","89.99","5,890,174"
11/02/2020,"88.26","88.93","87.31","88.16","3,878,526"
10/30/2020,"87.90","88.50","86.53","87.48","4,847,440"
10/29/2020,"86.94","89.76","86.68","88.97","4,594,222"
10/28/2020,"88.18","88.30","86.64","86.83","9,156,348"
10/27/2020,"90.76","90.97","89.35","89.72","3,752,108"
10/26/2020,"91.29","91.63","88.94","90.03","6,465,254"
10/23/2020,"92.12","92.12","91.13","92.00","3,332,080"
10/22/2020,"92.30","92.65","91.17","92.22","3,147,160"
10/21/2020,"93.00","93.36","92.16","92.26","4,890,666"
10/20/2020,"93.43","93.59","92.55","92.85","4,994,578"
10/19/2020,"93.93","94.55","92.41","92.78","4,638,618"
10/16/2020,"94.51","94.51","93.16","93.24","3,466,998"
10/15/2020,"92.46","93.95","92.20","93.82","2,656,244"
10/14/2020,"95.09","95.27","93.60","94.19","4,294,234"
10/13/2020,"95.04","95.48","94.29","94.69","3,183,154"
10/12/2020,"94.62","95.36","94.06","94.97","4,606,586"
10/09/2020,"93.14","93.55","92.70","93.33","5,310,136"
10/08/2020,"91.62","91.87","91.18","91.75","3,773,226"
10/07/2020,"90.08","90.89","90.06","90.64","3,467,612"
10/06/2020,"89.31","90.81","88.39","88.74","10,500,200"
10/05/2020,"87.40","89.53","87.33","89.53","3,832,234"
10/02/2020,"87.27","88.48","86.54","86.58","6,279,372"
10/01/2020,"88.77","89.54","88.32","89.25","4,724,854"
09/30/2020,"87.07","88.10","86.72","87.10","5,782,210"
09/29/2020,"86.57","87.79","86.57","87.23","6,431,392"
09/28/2020,"85.93","86.84","85.23","86.77","3,918,684"
09/25/2020,"83.43","84.88","82.46","84.62","5,076,726"
09/24/2020,"82.15","84.81","82.05","83.65","6,386,164"
09/23/2020,"84.95","85.33","82.63","82.93","4,852,162"
09/22/2020,"84.68","85.02","83.18","84.87","3,214,242"
09/21/2020,"82.72","84.18","82.02","84.18","8,011,734"
09/18/2020,"85.92","86.09","83.12","84.14","5,509,248"
09/17/2020,"83.26","85.56","83.11","85.43","4,373,960"
09/16/2020,"87.24","87.37","85.49","85.62","3,870,646"
09/15/2020,"86.09","87.24","85.89","86.69","7,696,242"
09/14/2020,"84.98","85.51","84.27","84.90","4,549,686"
09/11/2020,"83.90","84.69","82.24","83.03","4,779,832"
09/10/2020,"85.24","85.66","82.70","83.19","5,838,008"
09/09/2020,"83.92","84.89","83.00","84.25","4,672,290"
09/08/2020,"82.40","84.31","81.79","81.91","7,993,394"
09/04/2020,"86.20","87.36","82.75","85.71","9,851,354"
09/03/2020,"90.41","90.41","86.19","86.90","13,800,318"
09/02/2020,"90.90","92.31","89.69","91.78","7,924,922"
09/01/2020,"88.35","89.45","87.94","89.41","3,668,178"
08/31/2020,"87.55","88.32","86.95","87.69","3,468,914"
08/28/2020,"86.70","87.90","86.43","87.82","2,711,602"
08/27/2020,"87.98","88.20","85.92","86.45","6,243,256"
08/26/2020,"87.41","87.97","87.18","87.68","2,835,924"
08/25/2020,"86.42","87.23","86.40","87.19","2,598,880"
08/24/2020,"86.41","86.70","85.61","86.22","2,595,322"
08/21/2020,"84.81","85.48","84.51","85.46","4,163,094"
08/20/2020,"84.59","85.11","84.12","84.84","5,814,798"
08/19/2020,"86.22","86.30","85.32","85.53","4,716,762"
08/18/2020,"86.95","87.17","85.82","86.05","3,021,820"
08/17/2020,"86.33","87.06","86.12","86.59","2,801,762"
08/14/2020,"85.68","86.43","85.14","85.34","3,263,100"
08/13/2020,"86.21","86.30","85.04","85.43","4,550,142"
08/12/2020,"84.36","86.50","84.02","86.25","5,740,314"
08/11/2020,"84.84","85.26","83.37","83.62","6,514,676"
08/10/2020,"85.04","85.22","83.57","84.82","4,575,270"
08/07/2020,"85.62","86.02","83.87","84.76","5,515,216"
08/06/2020,"85.86","85.88","84.87","85.75","4,439,020"
08/05/2020,"85.82","86.55","85.42","85.90","4,377,218"
08/04/2020,"84.63","85.90","84.56","85.82","5,996,992"
08/03/2020,"83.66","84.73","83.58","84.59","4,027,858"
07/31/2020,"83.77","83.77","81.92","83.11","10,354,982"
07/30/2020,"82.11","83.70","81.93","83.61","6,549,890"
07/29/2020,"81.51","83.14","81.37","82.83","6,411,962"
07/28/2020,"81.81","81.91","80.67","80.79","5,693,362"
07/27/2020,"81.54","83.01","81.42","82.95","5,584,730"
07/24/2020,"79.28","80.94","78.62","79.73","6,040,894"
07/23/2020,"81.91","82.53","79.84","80.54","7,435,996"
07/22/2020,"81.56","82.47","81.24","81.89","4,728,946"
07/21/2020,"82.54","82.59","81.07","81.30","6,096,294"
07/20/2020,"80.23","81.92","79.66","81.71","4,485,574"
07/17/2020,"80.26","80.39","79.71","80.11","4,978,830"
07/16/2020,"79.05","79.98","78.55","79.74","6,811,230"
07/15/2020,"80.66","80.69","78.65","79.80","6,357,278"
07/14/2020,"78.32","80.35","77.41","80.16","7,806,648"
07/13/2020,"81.20","82.03","78.68","78.84","9,496,672"
07/10/2020,"80.29","80.52","79.20","79.99","4,752,362"
07/09/2020,"79.25","80.62","78.44","80.30","11,834,058"
07/08/2020,"78.52","79.01","77.88","78.93","5,181,802"
07/07/2020,"78.58","79.04","77.66","77.82","5,952,530"
07/06/2020,"78.09","79.05","77.93","78.80","6,926,344"
07/02/2020,"76.57","77.26","76.31","76.68","6,947,370"
07/01/2020,"76.45","76.48","75.52","75.53","6,057,518"
06/30/2020,"75.05","76.68","74.94","76.40","8,866,664"
06/29/2020,"74.07","74.59","72.93","74.59","6,789,718"
06/26/2020,"75.25","75.41","73.68","73.84","7,897,858"
06/25/2020,"74.84","75.39","73.55","75.25","4,635,484"
06/24/2020,"75.93","76.35","74.17","74.74","8,941,852"
06/23/2020,"76.60","77.05","76.18","76.34","4,749,284"
06/22/2020,"75.41","76.15","74.76","76.09","5,636,014"
06/19/2020,"76.55","76.98","75.21","75.40","6,698,106"
06/18/2020,"75.71","76.18","75.36","75.75","5,770,018"
06/17/2020,"75.77","76.51","75.36","75.86","9,421,924"
06/16/2020,"75.91","76.31","73.89","75.06","7,783,666"
06/15/2020,"71.36","74.01","71.17","73.91","8,523,544"
06/12/2020,"74.00","74.38","71.43","72.96","9,391,828"
06/11/2020,"74.74","75.05","71.90","71.95","9,342,858"
06/10/2020,"76.73","77.37","76.33","76.65","7,013,284"
06/09/2020,"75.29","76.54","75.04","76.26","5,725,996"
06/08/2020,"76.70","76.72","74.73","76.12","5,562,422"
06/05/2020,"76.17","77.39","76.08","76.35","9,793,530"
06/04/2020,"73.45","75.09","73.35","74.59","6,281,538"
06/03/2020,"72.89","74.07","72.88","73.78","8,987,508"
06/02/2020,"70.75","71.86","70.34","71.80","7,555,808"
06/01/2020,"70.45","70.78","69.89","70.41","6,335,062"
05/29/2020,"69.39","70.95","69.14","70.52","12,026,206"
05/28/2020,"70.25","71.01","68.78","69.13","10,385,744"
05/27/2020,"69.62","70.65","67.83","70.64","13,018,704"
05/26/2020,"70.64","71.07","69.49","69.59","9,327,184"
05/22/2020,"68.89","69.08","68.05","69.00","4,968,938"
05/21/2020,"70.47","70.65","68.75","68.85","8,866,372"
05/20/2020,"69.68","71.01","69.66","70.64","9,048,698"
05/19/2020,"68.40","69.64","68.07","68.17","7,989,994"
05/18/2020,"67.28","68.79","67.22","68.43","8,480,874"
05/15/2020,"64.88","65.93","64.43","65.60","14,959,036"
05/14/2020,"64.81","67.20","63.71","67.13","11,389,616"
05/13/2020,"66.97","67.20","64.39","65.30","13,728,498"
05/12/2020,"68.80","68.96","66.46","66.48","7,153,254"
05/11/2020,"67.67","68.85","67.62","68.36","5,441,712"
05/08/2020,"67.36","68.41","67.09","68.33","6,033,270"
05/07/2020,"67.25","67.46","66.36","66.63","6,246,778"
05/06/2020,"66.06","67.02","65.87","66.03","6,652,898"
05/05/2020,"65.34","66.42","64.89","65.26","9,668,896"
05/04/2020,"63.45","64.50","63.06","64.42","7,615,792"
05/01/2020,"65.43","65.55","63.47","63.72","12,031,126"
04/30/2020,"69.05","69.05","66.75","66.87","13,736,398"
04/29/2020,"67.52","69.68","67.27","69.44","9,770,988"
04/28/2020,"67.90","68.23","66.25","66.33","9,113,566"
04/27/2020,"66.61","67.34","66.26","66.77","8,903,624"
04/24/2020,"64.65","66.12","64.16","65.96","7,987,978"
04/23/2020,"65.23","65.96","64.50","64.65","8,544,478"
04/22/2020,"63.58","65.62","63.53","65.25","12,030,526"
04/21/2020,"63.56","63.91","61.39","61.76","12,767,292"
04/20/2020,"65.01","66.06","64.64","64.66","6,241,222"
04/17/2020,"66.68","66.97","65.43","66.06","10,195,166"
04/16/2020,"64.83","65.72","64.20","65.42","9,309,966"
04/15/2020,"64.03","64.07","63.00","63.73","12,026,728"
04/14/2020,"64.31","65.55","64.09","65.49","15,346,446"
04/13/2020,"61.67","62.85","61.38","62.75","10,961,670"
04/09/2020,"64.10","64.82","61.45","61.94","20,815,020"
04/08/2020,"62.50","63.75","61.69","63.44","9,511,570"
04/07/2020,"63.85","63.94","61.40","61.40","11,802,856"
04/06/2020,"58.62","61.91","58.61","61.59","17,347,340"
04/03/2020,"57.00","57.73","55.41","56.02","7,177,598"
04/02/2020,"55.17","57.35","55.12","57.17","9,846,112"
04/01/2020,"56.72","58.10","55.09","55.67","12,936,274"
03/31/2020,"59.87","60.67","58.18","58.57","10,226,512"
03/30/2020,"58.56","59.96","57.92","59.75","9,145,510"
03/27/2020,"58.77","59.54","57.48","57.50","12,571,404"
03/26/2020,"58.40","61.00","58.10","60.86","9,212,772"
03/25/2020,"58.37","60.20","56.36","57.38","9,801,666"
03/24/2020,"55.75","58.04","55.70","57.82","15,628,578"
03/23/2020,"51.23","53.15","49.96","52.41","13,153,686"
03/20/2020,"53.58","54.61","50.40","50.53","13,732,978"
03/19/2020,"50.15","53.08","48.52","51.43","10,292,634"
03/18/2020,"51.00","53.19","48.00","50.54","14,520,406"
03/17/2020,"51.89","55.71","50.25","55.12","19,195,714"
03/16/2020,"52.60","56.22","50.64","50.99","13,095,850"
03/13/2020,"57.66","60.08","54.55","59.57","11,600,028"
03/12/2020,"56.47","58.82","54.30","54.31","13,776,036"
03/11/2020,"62.07","63.50","60.10","60.72","14,562,868"
03/10/2020,"62.77","64.18","60.62","64.18","12,554,730"
03/09/2020,"60.33","63.50","60.24","60.46","14,174,330"
03/06/2020,"65.26","66.37","64.33","65.94","14,819,274"
03/05/2020,"67.51","68.89","66.65","67.24","11,345,974"
03/04/2020,"67.34","69.42","66.62","69.42","10,803,060"
03/03/2020,"68.53","69.46","65.56","66.03","14,800,954"
03/02/2020,"66.84","68.28","65.01","68.27","14,083,044"
02/28/2020,"62.30","66.34","62.16","65.99","19,299,140"
02/27/2020,"66.00","67.03","64.55","64.71","25,962,440"
02/26/2020,"68.01","69.13","67.30","67.84","19,093,738"
02/25/2020,"70.25","70.47","67.11","67.43","25,658,580"
02/24/2020,"69.39","70.37","68.77","69.43","19,728,176"
02/21/2020,"74.43","74.48","72.48","72.73","14,165,040"
02/20/2020,"75.80","75.90","73.77","74.93","7,755,982"
02/19/2020,"75.37","76.26","75.25","76.13","8,133,942"
02/18/2020,"73.84","74.33","73.56","74.22","11,819,286"
02/14/2020,"76.00","76.31","74.90","75.35","7,469,736"
02/13/2020,"74.98","76.17","74.87","75.67","7,965,630"
02/12/2020,"75.00","75.58","75.00","75.49","7,438,322"
02/11/2020,"73.56","74.75","73.56","74.44","10,834,218"
02/10/2020,"71.29","72.92","71.25","72.90","8,198,426"
02/07/2020,"72.73","72.78","71.73","71.77","10,472,384"
02/06/2020,"73.50","73.52","72.60","73.45","5,421,890"
02/05/2020,"73.25","73.56","72.43","73.40","10,792,958"
02/04/2020,"71.60","72.04","71.24","71.97","10,815,558"
02/03/2020,"69.09","69.82","69.00","69.73","7,687,356"
01/31/2020,"70.72","70.78","68.48","68.79","12,204,780"
01/30/2020,"70.80","71.47","69.99","71.36","10,334,250"
01/29/2020,"72.33","72.57","71.41","71.52","5,877,814"
01/28/2020,"71.63","72.79","71.21","72.63","7,419,468"
01/27/2020,"71.43","71.75","70.63","70.85","13,582,646"
01/24/2020,"75.16","75.37","73.28","73.83","9,999,234"
01/23/2020,"73.90","74.15","73.29","74.15","8,739,926"
01/22/2020,"73.62","74.31","73.48","73.70","7,073,678"
01/21/2020,"72.74","73.42","72.68","73.09","6,054,580"
01/17/2020,"73.05","73.05","72.51","73.03","5,896,456"
01/16/2020,"72.24","72.73","72.16","72.73","6,238,632"
01/15/2020,"72.36","72.46","71.37","71.58","7,380,484"
01/14/2020,"72.59","73.14","72.21","72.65","6,054,004"
01/13/2020,"72.10","72.53","71.84","72.50","7,212,806"
01/10/2020,"72.51","72.51","71.37","71.50","4,503,876"
01/09/2020,"72.61","72.61","71.42","72.10","6,405,040"
01/08/2020,"71.57","72.06","71.26","71.69","6,113,614"
01/07/2020,"71.12","71.83","70.70","71.57","6,547,824"
01/06/2020,"70.26","70.57","69.89","70.40","6,514,862"
01/03/2020,"71.28","71.72","70.94","71.16","9,963,630"
01/02/2020,"71.90","72.47","71.66","72.34","5,200,298"
12/31/2019,"70.38","70.84","70.21","70.71","5,706,602"
12/30/2019,"71.25","71.25","70.13","70.62","5,910,098"
12/27/2019,"71.64","71.70","70.98","71.13","3,688,516"
12/26/2019,"71.26","71.49","71.04","71.38","3,149,748"
12/24/2019,"71.22","71.22","70.72","71.19","2,355,114"
12/23/2019,"71.57","71.71","70.81","71.04","5,452,562"
12/20/2019,"71.45","71.99","71.21","71.75","6,537,454"
12/19/2019,"70.97","71.12","70.58","71.07","4,704,264"
12/18/2019,"71.10","71.10","70.55","70.66","4,843,014"
12/17/2019,"71.00","71.05","70.49","70.90","5,579,496"
12/16/2019,"70.79","71.05","70.47","70.50","7,100,784"
12/13/2019,"70.20","70.97","69.71","69.93","10,016,638"
12/12/2019,"68.34","70.24","68.27","70.20","12,057,132"
12/11/2019,"67.30","68.27","67.04","68.24","9,614,550"
12/10/2019,"66.80","67.23","66.62","66.81","5,077,246"
12/09/2019,"67.03","67.20","66.54","66.55","3,986,256"
12/06/2019,"66.67","67.14","66.67","67.00","6,752,576"
12/05/2019,"65.93","66.20","65.74","66.02","4,879,686"
12/04/2019,"65.50","65.86","65.44","65.62","6,475,660"
12/03/2019,"64.33","64.72","63.96","64.67","13,669,046"
12/02/2019,"66.60","66.67","65.48","65.59","9,098,506"
11/29/2019,"66.84","66.87","66.42","66.46","3,278,366"
11/27/2019,"67.03","67.21","66.88","67.21","4,593,308"
11/26/2019,"66.82","66.93","66.43","66.76","7,095,044"
11/25/2019,"66.03","66.98","66.03","66.97","6,603,282"
11/22/2019,"65.84","66.09","65.33","65.46","6,401,614"
11/21/2019,"66.00","66.16","65.30","65.58","8,167,680"
11/20/2019,"66.62","67.00","65.78","66.30","9,885,840"
11/19/2019,"67.53","67.63","66.67","66.96","6,636,272"
11/18/2019,"67.12","67.60","66.81","67.19","3,931,806"
11/15/2019,"67.38","67.63","66.86","67.15","8,184,402"
11/14/2019,"66.44","66.53","65.99","66.47","5,225,336"
11/13/2019,"66.09","66.76","65.90","66.59","5,728,700"
11/12/2019,"66.63","66.98","66.23","66.48","4,710,096"
11/11/2019,"66.04","66.46","65.80","66.34","5,145,210"
11/08/2019,"66.16","66.61","65.71","66.61","6,743,136"
11/07/2019,"66.93","67.14","66.17","66.47","7,853,520"
11/06/2019,"66.27","66.34","65.49","66.08","8,512,030"
11/05/2019,"66.59","67.01","66.30","66.48","5,403,508"
11/04/2019,"66.12","66.54","65.91","66.45","7,755,036"
11/01/2019,"64.25","65.07","64.12","65.06","8,745,382"
10/31/2019,"63.93","64.00","63.07","63.75","7,842,344"
10/30/2019,"64.38","64.38","63.61","64.11","6,770,590"
10/29/2019,"64.59","65.08","63.97","64.04","7,143,052"
10/28/2019,"64.05","64.56","63.91","64.48","9,707,296"
10/25/2019,"62.53","63.57","62.53","63.52","9,143,180"
10/24/2019,"61.56","62.28","61.45","62.26","9,637,960"
10/23/2019,"60.64","61.11","60.31","60.65","11,621,462"
10/22/2019,"62.41","62.50","61.71","61.73","7,195,062"
10/21/2019,"61.50","62.22","61.42","62.20","10,253,996"
10/18/2019,"61.56","61.75","60.51","61.05","7,199,112"
10/17/2019,"62.30","62.56","61.28","61.66","6,693,114"
10/16/2019,"62.13","62.46","61.50","61.62","6,960,778"
10/15/2019,"61.59","62.69","61.59","62.53","7,660,804"
10/14/2019,"61.22","61.44","61.03","61.31","4,415,718"
10/11/2019,"61.05","61.94","60.91","61.22","17,169,166"
10/10/2019,"59.45","60.42","59.39","59.85","9,388,308"
10/09/2019,"59.09","59.68","58.95","59.29","6,484,726"
10/08/2019,"59.20","59.38","58.16","58.26","12,248,348"
10/07/2019,"60.05","60.40","59.81","59.83","11,482,032"
10/04/2019,"59.46","60.16","59.26","60.13","7,198,488"
10/03/2019,"58.19","59.16","57.54","59.09","11,173,942"
10/02/2019,"58.61","58.77","57.86","58.20","9,971,608"
10/01/2019,"59.98","60.66","58.93","59.16","9,569,784"
09/30/2019,"59.30","59.63","58.98","59.57","5,209,122"
09/27/2019,"59.85","60.11","58.43","58.89","13,748,344"
09/26/2019,"60.15","60.49","59.68","60.32","9,785,564"
09/25/2019,"58.81","60.26","58.34","60.11","10,437,394"
09/24/2019,"60.43","60.55","58.83","59.10","11,125,228"
09/23/2019,"59.41","60.30","59.41","59.99","9,459,690"
09/20/2019,"60.75","60.76","59.27","59.48","10,214,498"
09/19/2019,"61.03","61.18","60.55","60.61","6,383,414"
09/18/2019,"60.78","60.89","60.04","60.86","4,472,082"
09/17/2019,"60.30","60.84","60.14","60.79","6,589,600"
09/16/2019,"60.45","60.78","60.03","60.55","4,699,348"
09/13/2019,"60.90","61.24","60.67","60.96","7,083,084"
09/12/2019,"61.34","61.57","60.59","60.99","8,984,316"
09/11/2019,"60.37","60.93","60.06","60.89","6,788,926"
09/10/2019,"59.68","60.13","59.30","60.13","7,900,922"
09/09/2019,"60.02","60.46","59.76","60.01","6,718,674"
09/06/2019,"59.82","60.00","59.45","59.78","5,642,940"
09/05/2019,"59.23","60.39","59.16","59.73","14,293,044"
09/04/2019,"57.24","57.98","57.23","57.97","10,079,856"
09/03/2019,"56.66","56.79","56.00","56.31","8,735,682"
08/30/2019,"57.42","57.69","56.96","57.21","7,725,856"
08/29/2019,"56.59","57.22","56.55","56.85","11,236,176"
08/28/2019,"55.04","55.73","54.64","55.64","7,750,940"
08/27/2019,"55.85","56.04","54.96","55.29","8,074,536"
08/26/2019,"55.69","55.79","55.22","55.42","7,238,764"
08/23/2019,"56.45","57.02","54.65","54.85","25,409,280"
08/22/2019,"57.38","57.55","56.64","57.22","7,954,232"
08/21/2019,"57.29","57.57","57.03","57.30","5,137,748"
08/20/2019,"56.95","57.11","56.49","56.72","11,220,474"
08/19/2019,"57.33","57.59","56.78","57.04","9,343,836"
08/16/2019,"55.38","56.26","55.01","56.12","11,205,576"
08/15/2019,"55.18","55.25","54.30","54.78","9,593,682"
08/14/2019,"55.25","55.72","54.51","54.84","16,065,144"
08/13/2019,"54.93","57.10","54.64","56.66","19,614,314"
08/12/2019,"55.22","55.71","54.78","55.08","7,652,386"
08/09/2019,"56.20","56.34","55.35","55.74","16,228,504"
08/08/2019,"55.78","56.77","55.53","56.72","10,679,876"
08/07/2019,"54.33","55.43","54.20","55.31","14,577,762"
08/06/2019,"55.17","55.61","54.42","55.01","18,445,226"
08/05/2019,"55.05","55.14","53.71","54.15","17,974,586"
08/02/2019,"56.90","57.23","56.11","56.59","16,233,710"
08/01/2019,"58.39","59.96","56.89","57.37","26,134,940"
07/31/2019,"60.08","60.11","57.89","58.55","10,838,782"
07/30/2019,"59.97","60.53","59.84","60.35","5,625,766"
07/29/2019,"60.32","60.72","59.80","60.62","8,749,542"
07/26/2019,"61.00","61.05","60.39","60.42","7,876,316"
07/25/2019,"61.29","61.35","60.43","60.54","11,179,170"
07/24/2019,"60.46","61.78","60.35","61.66","13,770,822"
07/23/2019,"59.80","60.06","59.42","60.06","8,288,590"
07/22/2019,"58.63","59.49","58.61","59.40","10,077,710"
07/19/2019,"58.44","58.76","58.20","58.23","8,773,134"
07/18/2019,"57.33","58.37","57.31","58.23","10,471,524"
07/17/2019,"57.39","57.52","57.03","57.20","5,378,938"
07/16/2019,"57.28","57.31","56.74","56.99","7,412,984"
07/15/2019,"57.46","57.80","57.26","57.59","5,291,648"
07/12/2019,"56.31","57.16","56.31","57.13","7,099,534"
07/11/2019,"56.26","56.31","55.81","56.10","7,685,020"
07/10/2019,"55.99","56.69","55.84","55.94","9,222,650"
07/09/2019,"54.64","55.47","54.55","55.39","8,020,308"
07/08/2019,"54.84","55.12","54.61","55.01","7,715,480"
07/05/2019,"55.13","55.49","54.80","55.37","7,976,760"
07/03/2019,"55.91","55.97","55.40","55.78","4,022,146"
07/02/2019,"56.49","56.50","55.73","55.98","8,506,574"
07/01/2019,"57.55","57.98","56.27","56.65","18,243,372"
06/28/2019,"55.75","55.80","55.06","55.09","11,854,974"
06/27/2019,"54.67","55.31","54.67","55.04","10,445,112"
06/26/2019,"53.90","54.67","53.90","54.31","14,639,588"
06/25/2019,"53.66","53.84","52.71","52.75","12,315,002"
06/24/2019,"53.71","53.90","53.48","53.68","12,248,846"
06/21/2019,"53.57","54.01","53.42","53.58","10,478,374"
06/20/2019,"54.39","54.60","53.55","53.83","11,151,880"
06/19/2019,"53.38","53.62","52.97","53.22","9,436,254"
06/18/2019,"51.47","53.46","51.47","53.09","27,726,820"
06/17/2019,"51.31","51.47","50.89","51.02","12,354,216"
06/14/2019,"51.30","51.53","50.99","51.33","11,866,870"
06/13/2019,"52.73","52.86","52.29","52.64","7,157,276"
06/12/2019,"53.03","53.12","52.33","52.38","8,059,132"
06/11/2019,"54.18","54.40","53.21","53.54","16,207,746"
06/10/2019,"52.70","53.93","52.60","53.35","17,218,408"
06/07/2019,"51.67","52.18","51.49","52.05","11,348,216"
06/06/2019,"50.77","51.56","50.58","51.38","10,042,260"
06/05/2019,"51.52","51.64","50.12","50.68","21,119,000"
06/04/2019,"49.84","51.10","49.53","51.07","13,923,258"
06/03/2019,"49.66","50.04","48.83","49.06","13,463,482"
05/31/2019,"49.30","49.96","48.97","49.12","27,918,400"
05/30/2019,"49.60","50.26","49.49","49.82","15,246,690"
05/29/2019,"48.87","49.65","48.81","49.44","26,900,420"
05/28/2019,"50.00","50.16","49.23","49.28","12,133,782"
05/24/2019,"50.43","50.67","49.72","49.72","19,091,990"
05/23/2019,"49.95","50.18","49.25","50.02","24,398,720"
05/22/2019,"50.97","51.37","50.75","50.87","21,798,620"
05/21/2019,"51.72","53.35","51.29","51.78","19,799,180"
05/20/2019,"51.05","51.41","50.29","50.62","37,746,320"
05/17/2019,"52.94","54.03","52.55","52.72","38,983,200"
05/16/2019,"53.74","54.32","53.42","53.75","23,369,400"
05/15/2019,"53.39","54.88","53.33","54.52","25,708,120"
05/14/2019,"53.44","54.27","53.18","54.02","21,698,620"
05/13/2019,"53.38","53.76","52.47","52.67","35,276,840"
05/10/2019,"54.90","55.62","53.99","55.23","26,992,360"
05/09/2019,"55.13","55.55","54.07","55.29","36,849,000"
05/08/2019,"56.12","56.94","56.00","56.08","17,838,032"
05/07/2019,"57.12","57.26","55.88","56.49","23,139,440"
05/06/2019,"56.82","57.86","56.60","57.81","13,573,024"
05/03/2019,"58.59","58.79","58.20","58.75","12,327,200"
05/02/2019,"57.69","58.77","57.58","58.23","13,587,568"
05/01/2019,"58.60","58.94","57.64","57.68","14,377,136"
04/30/2019,"57.68","58.26","57.61","58.13","10,399,312"
04/29/2019,"57.78","57.90","57.41","57.60","7,428,912"
04/26/2019,"57.35","57.92","56.75","57.91","22,088,120"
04/25/2019,"59.46","59.61","58.22","58.62","19,979,426"
04/24/2019,"59.24","60.36","59.24","59.80","13,842,446"
04/23/2019,"59.06","59.44","58.90","59.30","9,897,806"
04/22/2019,"58.54","58.94","58.40","58.82","10,271,236"
04/18/2019,"58.92","59.01","58.55","58.87","11,584,456"
04/17/2019,"59.07","59.42","58.44","58.78","17,039,246"
04/16/2019,"56.95","57.94","56.92","57.93","13,847,952"
04/15/2019,"56.94","56.98","56.21","56.55","9,355,746"
04/12/2019,"56.72","56.96","56.48","56.96","7,784,860"
04/11/2019,"56.23","56.52","56.00","56.17","8,534,306"
04/10/2019,"55.65","56.39","55.62","56.22","12,485,168"
04/09/2019,"56.08","56.08","55.54","55.77","10,522,244"
04/08/2019,"55.98","56.45","55.90","56.39","7,829,540"
04/05/2019,"56.18","56.34","55.85","56.27","9,291,580"
04/04/2019,"55.55","56.20","55.48","55.85","13,235,148"
04/03/2019,"55.40","56.25","55.28","55.79","18,119,606"
04/02/2019,"54.50","54.65","54.20","54.52","6,885,500"
04/01/2019,"53.97","54.53","53.74","54.48","11,874,656"
03/29/2019,"52.94","53.28","52.83","53.17","11,183,798"
03/28/2019,"52.50","52.91","52.00","52.32","14,142,066"
03/27/2019,"53.25","53.40","52.06","52.42","15,877,780"
03/26/2019,"53.29","53.61","52.82","53.19","9,677,740"
03/25/2019,"53.04","53.48","52.29","52.70","11,660,468"
03/22/2019,"54.63","54.76","53.33","53.38","18,135,364"
03/21/2019,"53.32","55.30","53.32","54.95","18,619,396"
03/20/2019,"53.64","53.84","52.81","53.12","11,618,654"
03/19/2019,"53.37","53.75","53.21","53.58","13,650,428"
03/18/2019,"53.16","53.45","52.65","52.97","9,495,480"
03/15/2019,"52.37","53.56","52.35","53.11","16,864,276"
03/14/2019,"51.95","52.25","51.70","51.73","8,708,496"
03/13/2019,"52.09","52.41","51.93","52.02","8,911,460"
03/12/2019,"51.71","52.05","51.35","51.81","8,638,836"
03/11/2019,"50.74","51.80","50.67","51.55","11,949,290"
03/08/2019,"49.72","50.52","49.52","50.48","10,104,798"
03/07/2019,"50.75","50.85","50.21","50.49","12,776,448"
03/06/2019,"51.85","51.85","51.02","51.05","9,314,350"
03/05/2019,"52.01","52.22","51.65","51.92","8,297,722"
03/04/2019,"52.49","52.65","51.50","52.17","9,056,356"
03/01/2019,"52.13","52.40","51.62","52.14","8,854,862"
02/28/2019,"51.41","51.81","51.28","51.67","8,978,062"
02/27/2019,"51.99","51.99","51.11","51.69","11,668,664"
02/26/2019,"52.37","52.57","52.07","52.23","6,963,226"
02/25/2019,"52.84","53.14","52.51","52.57","9,845,652"
02/22/2019,"51.81","52.16","51.71","52.09","9,265,912"
02/21/2019,"51.63","51.79","51.21","51.36","9,303,604"
02/20/2019,"51.47","52.02","51.47","51.68","8,892,470"
02/19/2019,"51.09","51.54","51.08","51.22","6,991,682"
02/15/2019,"51.38","51.48","50.93","51.28","9,890,610"
02/14/2019,"50.65","51.36","50.64","51.02","8,804,908"
02/13/2019,"50.93","51.25","50.72","50.87","7,987,156"
02/12/2019,"50.29","50.88","50.22","50.75","11,511,826"
02/11/2019,"49.57","49.77","49.24","49.64","6,917,162"
02/08/2019,"48.74","49.52","48.56","49.43","11,795,516"
02/07/2019,"49.95","50.23","49.14","49.56","18,215,090"
02/06/2019,"50.09","50.99","50.02","50.65","16,603,020"
02/05/2019,"49.14","49.61","49.01","49.43","14,672,334"
02/04/2019,"48.88","49.16","48.50","49.15","9,251,376"
02/01/2019,"48.42","49.12","48.34","48.91","11,545,936"
01/31/2019,"48.14","48.65","47.76","48.30","11,274,232"
01/30/2019,"47.69","48.50","47.22","48.33","12,258,846"
01/29/2019,"47.61","47.74","46.84","46.91","10,930,098"
01/28/2019,"46.58","47.87","46.58","47.54","16,266,346"
01/25/2019,"47.73","48.62","47.39","48.45","18,173,862"
01/24/2019,"46.07","47.74","46.07","47.56","25,283,980"
01/23/2019,"45.41","45.59","44.49","44.92","11,732,142"
01/22/2019,"46.01","46.02","44.77","45.10","14,365,334"
01/18/2019,"45.73","46.66","45.53","46.44","16,661,706"
01/17/2019,"44.46","45.56","44.20","45.32","15,829,978"
01/16/2019,"45.22","45.48","44.74","44.77","11,013,464"
01/15/2019,"45.31","45.67","44.91","45.12","11,484,330"
01/14/2019,"45.21","45.32","44.83","45.00","9,963,592"
01/11/2019,"45.13","46.17","45.03","45.79","13,337,976"
01/10/2019,"44.63","45.45","44.48","45.41","11,440,032"
01/09/2019,"44.31","45.18","44.31","44.95","17,856,076"
01/08/2019,"44.45","44.50","43.25","43.83","13,272,018"
01/07/2019,"43.46","44.43","43.22","44.08","11,156,846"
01/04/2019,"42.04","43.41","41.95","43.25","18,149,332"
01/03/2019,"42.81","43.13","41.28","41.32","18,546,014"
01/02/2019,"42.75","44.28","42.63","43.96","14,288,046"
12/31/2018,"43.84","44.07","43.25","43.64","10,460,246"
12/28/2018,"43.37","44.20","43.07","43.43","13,458,856"
12/27/2018,"42.05","43.13","41.65","43.13","17,674,068"
12/26/2018,"40.90","42.81","40.36","42.76","16,473,252"
12/24/2018,"41.23","41.76","40.44","40.48","9,548,674"
12/21/2018,"42.53","43.09","41.46","41.58","21,624,620"
12/20/2018,"42.86","43.33","41.79","42.31","28,514,660"
12/19/2018,"45.08","45.65","43.25","43.47","19,939,960"
12/18/2018,"45.26","46.13","45.20","45.44","17,468,472"
12/17/2018,"45.22","46.02","44.51","44.90","15,526,324"
12/14/2018,"45.32","46.22","45.32","45.33","13,262,362"
12/13/2018,"46.50","46.71","45.88","46.05","9,888,240"
12/12/2018,"46.23","46.86","45.90","46.20","13,725,858"
12/11/2018,"46.11","46.61","45.25","45.51","17,575,638"
12/10/2018,"44.69","45.48","44.45","45.29","15,605,912"
12/07/2018,"46.36","46.46","44.54","44.77","18,385,278"
12/06/2018,"45.44","46.53","45.25","46.53","16,050,258"
12/04/2018,"48.76","48.90","46.75","46.81","17,418,718"
12/03/2018,"49.43","49.57","48.71","49.23","14,294,576"
11/30/2018,"47.16","48.38","46.71","48.38","16,499,592"
11/29/2018,"47.39","47.67","47.13","47.22","9,176,570"
11/28/2018,"46.90","47.68","46.15","47.67","10,969,380"
11/27/2018,"45.97","46.76","45.83","46.44","14,827,488"
11/26/2018,"46.24","46.40","45.72","46.37","10,932,216"
11/23/2018,"45.14","45.86","45.11","45.47","3,050,168"
11/21/2018,"46.00","46.28","45.53","45.53","13,247,430"
11/20/2018,"44.10","45.98","44.00","45.33","17,264,184"
11/19/2018,"46.89","47.03","45.33","45.37","20,829,220"
11/16/2018,"46.06","47.40","46.06","47.14","23,973,860"
11/15/2018,"46.28","48.12","46.25","47.96","18,331,488"
11/14/2018,"46.99","47.24","46.03","46.49","16,072,674"
11/13/2018,"46.03","47.24","46.03","46.25","25,109,820"
11/12/2018,"46.91","47.04","45.52","45.66","20,625,000"
11/09/2018,"47.96","48.11","47.33","47.75","14,250,038"
11/08/2018,"48.32","48.99","48.26","48.63","7,740,530"
11/07/2018,"48.85","48.96","48.26","48.85","8,895,486"
11/06/2018,"47.78","48.42","47.66","48.26","7,407,092"
11/05/2018,"48.05","48.05","47.00","47.76","12,826,392"
11/02/2018,"48.89","49.04","47.64","48.21","19,188,800"
11/01/2018,"47.17","49.07","47.11","48.99","23,242,880"
10/31/2018,"47.07","47.17","46.44","46.73","16,491,762"
10/30/2018,"44.50","46.23","44.38","46.21","23,647,720"
10/29/2018,"45.50","45.97","43.48","44.33","22,337,140"
10/26/2018,"44.63","45.64","44.09","44.84","14,122,420"
10/25/2018,"44.82","46.01","44.76","45.67","18,808,352"
10/24/2018,"46.69","46.78","44.37","44.41","28,576,360"
10/23/2018,"46.54","47.87","46.15","47.61","26,109,680"
10/22/2018,"47.88","48.16","47.38","47.80","12,339,728"
10/19/2018,"48.50","48.85","47.34","47.54","18,841,952"
10/18/2018,"49.22","49.27","48.07","48.24","16,548,392"
10/17/2018,"50.25","50.30","49.22","49.53","10,419,572"
10/16/2018,"48.66","49.82","48.62","49.77","14,243,828"
10/15/2018,"48.45","48.69","48.02","48.14","12,922,850"
10/12/2018,"49.12","49.40","47.91","48.67","18,408,258"
10/11/2018,"48.16","49.22","47.34","47.73","41,803,398"
10/10/2018,"49.57","49.66","48.15","48.15","42,715,840"
10/09/2018,"50.40","50.75","50.12","50.44","16,424,156"
10/08/2018,"50.65","51.12","50.05","50.54","17,802,496"
10/05/2018,"52.13","52.33","50.66","51.14","19,171,394"
10/04/2018,"53.08","53.10","51.88","52.33","19,323,184"
10/03/2018,"53.68","53.82","53.04","53.53","9,491,640"
10/02/2018,"53.14","54.09","53.12","53.33","10,232,638"
10/01/2018,"53.38","53.78","53.25","53.37","7,759,786"
09/28/2018,"52.80","53.42","52.63","53.23","7,933,306"
09/27/2018,"52.82","53.11","52.66","52.94","4,722,506"
09/26/2018,"52.84","53.26","52.60","52.61","9,635,248"
09/25/2018,"53.54","53.78","52.98","53.08","8,013,090"
09/24/2018,"53.31","53.95","53.17","53.94","7,850,180"
09/21/2018,"53.76","54.02","53.48","53.56","9,959,004"
09/20/2018,"53.63","54.03","53.56","53.83","12,428,226"
09/19/2018,"53.03","53.37","52.87","53.14","6,845,944"
09/18/2018,"52.76","53.35","52.76","53.02","5,753,898"
09/17/2018,"52.98","53.31","52.57","52.62","10,812,156"
09/14/2018,"53.09","53.55","52.93","53.34","10,378,336"
09/13/2018,"52.84","53.38","52.53","52.80","13,460,294"
09/12/2018,"52.04","52.17","51.08","52.16","18,507,952"
09/11/2018,"53.00","53.13","52.51","52.76","10,409,990"
09/10/2018,"53.30","53.45","52.97","53.43","6,366,834"
09/07/2018,"52.95","53.65","52.77","52.92","14,306,986"
09/06/2018,"54.28","54.33","53.08","53.15","18,097,098"
09/05/2018,"54.84","54.94","54.11","54.57","10,499,096"
09/04/2018,"54.24","54.87","54.06","54.87","9,693,562"
08/31/2018,"54.15","54.52","54.14","54.47","4,678,780"
08/30/2018,"54.66","54.86","54.16","54.24","14,144,166"
08/29/2018,"54.58","54.93","54.38","54.82","6,822,860"
08/28/2018,"54.65","54.76","54.02","54.51","8,673,540"
08/27/2018,"53.81","54.69","53.75","54.31","12,418,986"
